id,name,email,role,createdAt,updatedAt
1,Admin User,admin@example.com,ADMIN,2024-10-04 09:09:07.128,2024-10-04 09:09:07.128
2,John Doe,john.doe@example.com,EMPLOYEE,2024-10-04 09:09:07.202,2024-10-04 09:09:07.202
4,Robert Hart,deborahhernandez@example.org,EMPLOYEE,2024-10-04 09:09:00.000,2024-10-04 09:09:00.000
5,Kevin Wise,lguzman@example.com,EMPLOYEE,2024-10-04 09:09:00.000,2024-10-04 09:09:00.000
6,David Lee,ashley72@example.net,EMPLOYEE,2024-10-04 09:09:00.000,2024-10-04 09:09:00.000
7,Samuel Velazquez,xsalazar@example.net,EMPLOYEE,2024-10-04 09:09:00.000,2024-10-04 09:09:00.000
8,Angela Henderson,wwarner@example.com,EMPLOYEE,2024-10-04 09:09:00.000,2024-10-04 09:09:00.000
9,Maureen Castillo,saunderspatricia@example.com,EMPLOYEE,2024-10-04 09:09:00.000,2024-10-04 09:09:00.000
10,Travis Johnson,ijoyce@example.net,EMPLOYEE,2024-10-04 09:09:00.000,2024-10-04 09:09:00.000
11,Tracey Hill,freemantina@example.com,EMPLOYEE,2024-10-04 09:09:00.000,2024-10-04 09:09:00.000
12,Veronica Davis,marvinacevedo@example.net,EMPLOYEE,2024-10-04 09:09:00.000,2024-10-04 09:09:00.000
13,Craig Dunn,wtaylor@example.com,EMPLOYEE,2024-10-04 09:09:00.000,2024-10-04 09:09:00.000
14,John Williams,barajasnichole@example.net,EMPLOYEE,2024-10-04 09:09:00.000,2024-10-04 09:09:00.000
15,Jordan Robbins,jessicashaw@example.com,EMPLOYEE,2024-10-04 09:09:00.000,2024-10-04 09:09:00.000
16,Daniel Velasquez,gonzalezcrystal@example.net,EMPLOYEE,2024-10-04 09:09:00.000,2024-10-04 09:09:00.000
17,Terri Davis,thomasmelendez@example.com,EMPLOYEE,2024-10-04 09:09:00.000,2024-10-04 09:09:00.000
18,Jose Stark,kelly64@example.org,EMPLOYEE,2024-10-04 09:09:00.000,2024-10-04 09:09:00.000
19,Joshua Howard,eatonrobert@example.org,EMPLOYEE,2024-10-04 09:09:00.000,2024-10-04 09:09:00.000
20,James Allen,lori10@example.com,EMPLOYEE,2024-10-04 09:09:00.000,2024-10-04 09:09:00.000
21,Allison Ramos,brandihale@example.net,EMPLOYEE,2024-10-04 09:09:00.000,2024-10-04 09:09:00.000
22,Michael Nichols,xmendoza@example.net,EMPLOYEE,2024-10-04 09:09:00.000,2024-10-04 09:09:00.000
23,Rebecca Serrano,alee@example.net,EMPLOYEE,2024-10-04 09:09:00.000,2024-10-04 09:09:00.000
24,Holly Morrow,xyoung@example.org,EMPLOYEE,2024-10-04 09:09:00.000,2024-10-04 09:09:00.000
25,Nicole Miller,felicia41@example.org,EMPLOYEE,2024-10-04 09:09:00.000,2024-10-04 09:09:00.000
26,Kevin Peterson,bookertoni@example.net,EMPLOYEE,2024-10-04 09:09:00.000,2024-10-04 09:09:00.000
27,William Green,karen23@example.com,EMPLOYEE,2024-10-04 09:09:00.000,2024-10-04 09:09:00.000
28,Megan Maldonado,donald39@example.org,EMPLOYEE,2024-10-04 09:09:00.000,2024-10-04 09:09:00.000
29,Mr. Anthony Montgomery,myersdustin@example.org,EMPLOYEE,2024-10-04 09:09:00.000,2024-10-04 09:09:00.000
30,Nicholas Valencia,joann11@example.org,EMPLOYEE,2024-10-04 09:09:00.000,2024-10-04 09:09:00.000
31,Julie Schwartz,wlopez@example.net,EMPLOYEE,2024-10-04 09:09:00.000,2024-10-04 09:09:00.000
32,Michael Ballard,leah43@example.com,EMPLOYEE,2024-10-04 09:09:00.000,2024-10-04 09:09:00.000
33,Rebecca Smith,stevenssarah@example.net,EMPLOYEE,2024-10-04 09:09:00.000,2024-10-04 09:09:00.000
34,Lauren Wright,xnorman@example.org,EMPLOYEE,2024-10-04 09:09:00.000,2024-10-04 09:09:00.000
35,Luke Burch,dennismiller@example.net,EMPLOYEE,2024-10-04 09:09:00.000,2024-10-04 09:09:00.000
36,Hunter Stafford,kimberlysmith@example.net,EMPLOYEE,2024-10-04 09:09:00.000,2024-10-04 09:09:00.000
37,Edward Green,jasonrodriguez@example.net,EMPLOYEE,2024-10-04 09:09:00.000,2024-10-04 09:09:00.000
38,Robin Bartlett,wilsonsheena@example.org,EMPLOYEE,2024-10-04 09:09:00.000,2024-10-04 09:09:00.000
39,Kelly Robbins,qbrown@example.org,EMPLOYEE,2024-10-04 09:09:00.000,2024-10-04 09:09:00.000
40,John Donovan,kathleenross@example.org,EMPLOYEE,2024-10-04 09:09:00.000,2024-10-04 09:09:00.000
41,Jessica Jones,christopher45@example.org,EMPLOYEE,2024-10-04 09:09:00.000,2024-10-04 09:09:00.000
42,Theresa Kelly,diazheather@example.net,EMPLOYEE,2024-10-04 09:09:00.000,2024-10-04 09:09:00.000
43,Rick Morgan,scott72@example.com,EMPLOYEE,2024-10-04 09:09:00.000,2024-10-04 09:09:00.000
44,Karen Brooks,jennifersnyder@example.com,EMPLOYEE,2024-10-04 09:09:00.000,2024-10-04 09:09:00.000
45,Kathryn Brown,amandafernandez@example.com,EMPLOYEE,2024-10-04 09:09:00.000,2024-10-04 09:09:00.000
46,Taylor Alvarez,montesjacob@example.com,EMPLOYEE,2024-10-04 09:09:00.000,2024-10-04 09:09:00.000
47,Terry Hernandez,robertrobinson@example.net,EMPLOYEE,2024-10-04 09:09:00.000,2024-10-04 09:09:00.000
48,Cynthia Sullivan,harrisonanna@example.org,EMPLOYEE,2024-10-04 09:09:00.000,2024-10-04 09:09:00.000
49,Brian Roberson,robertrosario@example.net,EMPLOYEE,2024-10-04 09:09:00.000,2024-10-04 09:09:00.000
50,Andrew Clark,mendozastephen@example.org,EMPLOYEE,2024-10-04 09:09:00.000,2024-10-04 09:09:00.000
51,Charles Marquez,kharmon@example.com,EMPLOYEE,2024-10-04 09:09:00.000,2024-10-04 09:09:00.000
52,Hannah Lowery,thomasandrew@example.net,EMPLOYEE,2024-10-04 09:09:00.000,2024-10-04 09:09:00.000
53,Margaret Serrano,cassandra95@example.net,EMPLOYEE,2024-10-04 09:09:00.000,2024-10-04 09:09:00.000
54,Christopher Thompson,laurieallen@example.org,EMPLOYEE,2024-10-04 09:09:00.000,2024-10-04 09:09:00.000
55,Barbara Parker,cardenasrichard@example.org,EMPLOYEE,2024-10-04 09:09:00.000,2024-10-04 09:09:00.000
56,Jennifer Sanchez,braunsue@example.org,EMPLOYEE,2024-10-04 09:09:00.000,2024-10-04 09:09:00.000
57,Steven Miller,sandra50@example.net,EMPLOYEE,2024-10-04 09:09:00.000,2024-10-04 09:09:00.000
58,Catherine Zamora,hjohnson@example.org,EMPLOYEE,2024-10-04 09:09:00.000,2024-10-04 09:09:00.000
59,Deanna Blair,louis93@example.net,EMPLOYEE,2024-10-04 09:09:00.000,2024-10-04 09:09:00.000
60,Renee Carroll,patricia35@example.net,EMPLOYEE,2024-10-04 09:09:00.000,2024-10-04 09:09:00.000
61,Kendra Freeman,jordanclark@example.com,EMPLOYEE,2024-10-04 09:09:00.000,2024-10-04 09:09:00.000
62,Joshua Stephens,jameskelley@example.org,EMPLOYEE,2024-10-04 09:09:00.000,2024-10-04 09:09:00.000
63,Lee Silva,pamelawhite@example.org,EMPLOYEE,2024-10-04 09:09:00.000,2024-10-04 09:09:00.000
64,William Miller,williamsoncatherine@example.net,EMPLOYEE,2024-10-04 09:09:00.000,2024-10-04 09:09:00.000
65,Elizabeth Cooper,josevillarreal@example.net,EMPLOYEE,2024-10-04 09:09:00.000,2024-10-04 09:09:00.000
66,Alyssa Malone,stephenknight@example.com,EMPLOYEE,2024-10-04 09:09:00.000,2024-10-04 09:09:00.000
67,Paul Gonzalez,jeffcrane@example.org,EMPLOYEE,2024-10-04 09:09:00.000,2024-10-04 09:09:00.000
68,David Lyons,mitchelltimothy@example.net,EMPLOYEE,2024-10-04 09:09:00.000,2024-10-04 09:09:00.000
69,Cindy Young,omcdaniel@example.com,EMPLOYEE,2024-10-04 09:09:00.000,2024-10-04 09:09:00.000
70,Peter Bradley,gregoryflowers@example.com,EMPLOYEE,2024-10-04 09:09:00.000,2024-10-04 09:09:00.000
71,Sarah Contreras,simpsonjenny@example.net,EMPLOYEE,2024-10-04 09:09:00.000,2024-10-04 09:09:00.000
72,Jennifer Washington,kjordan@example.org,EMPLOYEE,2024-10-04 09:09:00.000,2024-10-04 09:09:00.000
73,Leah Miller,matthewtrujillo@example.com,EMPLOYEE,2024-10-04 09:09:00.000,2024-10-04 09:09:00.000
74,Shane Bentley,timothy12@example.net,EMPLOYEE,2024-10-04 09:09:00.000,2024-10-04 09:09:00.000
75,Joshua Peck,williamsandrew@example.net,EMPLOYEE,2024-10-04 09:09:00.000,2024-10-04 09:09:00.000
76,Stanley Smith,sonyafrench@example.com,EMPLOYEE,2024-10-04 09:09:00.000,2024-10-04 09:09:00.000
77,Diane Cummings,jakelewis@example.net,EMPLOYEE,2024-10-04 09:09:00.000,2024-10-04 09:09:00.000
78,Anthony Ellison,ijones@example.net,EMPLOYEE,2024-10-04 09:09:00.000,2024-10-04 09:09:00.000
79,James Gray,charlottefleming@example.com,EMPLOYEE,2024-10-04 09:09:00.000,2024-10-04 09:09:00.000
80,Shelby Adams,hornerin@example.org,EMPLOYEE,2024-10-04 09:09:00.000,2024-10-04 09:09:00.000
81,Jeremy Huang,stephenhayes@example.org,EMPLOYEE,2024-10-04 09:09:00.000,2024-10-04 09:09:00.000
82,William Miller,jamie54@example.org,EMPLOYEE,2024-10-04 09:09:00.000,2024-10-04 09:09:00.000
83,Aaron Gregory,ericarichardson@example.com,EMPLOYEE,2024-10-04 09:09:00.000,2024-10-04 09:09:00.000
84,Douglas Holland,smithsusan@example.net,EMPLOYEE,2024-10-04 09:09:00.000,2024-10-04 09:09:00.000
85,Heather Chambers,rasmussenkristopher@example.org,EMPLOYEE,2024-10-04 09:09:00.000,2024-10-04 09:09:00.000
86,Sarah Fisher,jennyclark@example.com,EMPLOYEE,2024-10-04 09:09:00.000,2024-10-04 09:09:00.000
87,Arthur Alvarez,pkemp@example.net,EMPLOYEE,2024-10-04 09:09:00.000,2024-10-04 09:09:00.000
88,Stephen Nguyen,jjennings@example.net,EMPLOYEE,2024-10-04 09:09:00.000,2024-10-04 09:09:00.000
89,Todd Church,lritter@example.net,EMPLOYEE,2024-10-04 09:09:00.000,2024-10-04 09:09:00.000
90,Michelle Welch,walterburke@example.org,EMPLOYEE,2024-10-04 09:09:00.000,2024-10-04 09:09:00.000
91,Lauren Stone,perrysherry@example.net,EMPLOYEE,2024-10-04 09:09:00.000,2024-10-04 09:09:00.000
92,Ian Jackson,simmonsnicole@example.com,EMPLOYEE,2024-10-04 09:09:00.000,2024-10-04 09:09:00.000
93,Monique Peterson,heatherwarner@example.net,EMPLOYEE,2024-10-04 09:09:00.000,2024-10-04 09:09:00.000
94,Emily Flowers,kimberlywhite@example.org,EMPLOYEE,2024-10-04 09:09:00.000,2024-10-04 09:09:00.000
95,Lori Smith,megansosa@example.org,EMPLOYEE,2024-10-04 09:09:00.000,2024-10-04 09:09:00.000
96,Dawn Moore,toconnor@example.net,EMPLOYEE,2024-10-04 09:09:00.000,2024-10-04 09:09:00.000
97,Martha Wiley,thompsonkimberly@example.org,EMPLOYEE,2024-10-04 09:09:00.000,2024-10-04 09:09:00.000
98,Audrey Velez,porterbrittany@example.com,EMPLOYEE,2024-10-04 09:09:00.000,2024-10-04 09:09:00.000
99,Ryan Boyd,xsmith@example.org,EMPLOYEE,2024-10-04 09:09:00.000,2024-10-04 09:09:00.000
100,Christine Mata,kristine59@example.com,EMPLOYEE,2024-10-04 09:09:00.000,2024-10-04 09:09:00.000
101,Misty Burns,bruce40@example.net,EMPLOYEE,2024-10-04 09:09:00.000,2024-10-04 09:09:00.000
102,Tina Hunt,garciamichele@example.com,EMPLOYEE,2024-10-04 09:09:00.000,2024-10-04 09:09:00.000
103,Erica Higgins,weaverrichard@example.com,EMPLOYEE,2024-10-04 09:09:00.000,2024-10-04 09:09:00.000
104,Jason Proctor,kanderson@example.org,EMPLOYEE,2024-10-04 09:09:00.000,2024-10-04 09:09:00.000
105,Stacy Fisher,curtis34@example.net,EMPLOYEE,2024-10-04 09:09:00.000,2024-10-04 09:09:00.000
106,Laura Flores,fbrown@example.org,EMPLOYEE,2024-10-04 09:09:00.000,2024-10-04 09:09:00.000
107,Amy Wang,rachel92@example.org,EMPLOYEE,2024-10-04 09:09:00.000,2024-10-04 09:09:00.000
108,Lisa Mcdaniel,castromegan@example.net,EMPLOYEE,2024-10-04 09:09:00.000,2024-10-04 09:09:00.000
109,Jessica Huynh,tinamyers@example.com,EMPLOYEE,2024-10-04 09:09:00.000,2024-10-04 09:09:00.000
110,Megan Mclaughlin,kwashington@example.com,EMPLOYEE,2024-10-04 09:09:00.000,2024-10-04 09:09:00.000
111,Virginia West,zhanglaurie@example.net,EMPLOYEE,2024-10-04 09:09:00.000,2024-10-04 09:09:00.000
112,Matthew Jensen,richardsray@example.com,EMPLOYEE,2024-10-04 09:09:00.000,2024-10-04 09:09:00.000
113,Alexander Wilson,andradekaren@example.net,EMPLOYEE,2024-10-04 09:09:00.000,2024-10-04 09:09:00.000
114,Guy Mejia,kenneth28@example.net,EMPLOYEE,2024-10-04 09:09:00.000,2024-10-04 09:09:00.000
115,Ashley Williams,kristine30@example.net,EMPLOYEE,2024-10-04 09:09:00.000,2024-10-04 09:09:00.000
116,Christopher Hernandez,iriggs@example.com,EMPLOYEE,2024-10-04 09:09:00.000,2024-10-04 09:09:00.000
117,Chad Gutierrez,ifisher@example.com,EMPLOYEE,2024-10-04 09:09:00.000,2024-10-04 09:09:00.000
118,Mariah Sampson,heather20@example.net,EMPLOYEE,2024-10-04 09:09:00.000,2024-10-04 09:09:00.000
119,Amy Cooke,mitchellrivera@example.com,EMPLOYEE,2024-10-04 09:09:00.000,2024-10-04 09:09:00.000
120,Courtney Garner,oliviaramos@example.com,EMPLOYEE,2024-10-04 09:09:00.000,2024-10-04 09:09:00.000
121,Justin Austin,jordanmackenzie@example.net,EMPLOYEE,2024-10-04 09:09:00.000,2024-10-04 09:09:00.000
122,Michael Massey,matthew42@example.org,EMPLOYEE,2024-10-04 09:09:00.000,2024-10-04 09:09:00.000
123,Danielle Hall,wsmith@example.net,EMPLOYEE,2024-10-04 09:09:00.000,2024-10-04 09:09:00.000
124,David Rogers,allisonlivingston@example.com,EMPLOYEE,2024-10-04 09:09:00.000,2024-10-04 09:09:00.000
125,Bonnie Guerra,justin84@example.net,EMPLOYEE,2024-10-04 09:09:00.000,2024-10-04 09:09:00.000
126,Stephen Bond,juan86@example.net,EMPLOYEE,2024-10-04 09:09:00.000,2024-10-04 09:09:00.000
127,Jasmine Rivera,ponceamanda@example.com,EMPLOYEE,2024-10-04 09:09:00.000,2024-10-04 09:09:00.000
128,James Smith,bortiz@example.com,EMPLOYEE,2024-10-04 09:09:00.000,2024-10-04 09:09:00.000
129,Dustin Williams,courtneyolson@example.net,EMPLOYEE,2024-10-04 09:09:00.000,2024-10-04 09:09:00.000
130,Karen Hart,katrinamorgan@example.net,EMPLOYEE,2024-10-04 09:09:00.000,2024-10-04 09:09:00.000
131,Andrea Robinson,jason67@example.com,EMPLOYEE,2024-10-04 09:09:00.000,2024-10-04 09:09:00.000
132,John Robertson,christine12@example.com,EMPLOYEE,2024-10-04 09:09:00.000,2024-10-04 09:09:00.000
133,John Bennett,charles48@example.org,EMPLOYEE,2024-10-04 09:09:00.000,2024-10-04 09:09:00.000
134,Ian Garcia,ycampbell@example.com,EMPLOYEE,2024-10-04 09:09:00.000,2024-10-04 09:09:00.000
135,Michael Anderson,jessica70@example.net,EMPLOYEE,2024-10-04 09:09:00.000,2024-10-04 09:09:00.000
136,Cynthia Huynh,danabryant@example.net,EMPLOYEE,2024-10-04 09:09:00.000,2024-10-04 09:09:00.000
137,Kelly Pierce,scottgomez@example.org,EMPLOYEE,2024-10-04 09:09:00.000,2024-10-04 09:09:00.000
138,Tami Rice,ibaker@example.org,EMPLOYEE,2024-10-04 09:09:00.000,2024-10-04 09:09:00.000
139,Deborah Gordon,markdaniels@example.org,EMPLOYEE,2024-10-04 09:09:00.000,2024-10-04 09:09:00.000
140,Anna Taylor,bakerconnie@example.org,EMPLOYEE,2024-10-04 09:09:00.000,2024-10-04 09:09:00.000
141,James Hernandez,collierlaura@example.com,EMPLOYEE,2024-10-04 09:09:00.000,2024-10-04 09:09:00.000
142,Marie Mcclain,derek45@example.com,EMPLOYEE,2024-10-04 09:09:00.000,2024-10-04 09:09:00.000
143,Bridget White,ryanlong@example.net,EMPLOYEE,2024-10-04 09:09:00.000,2024-10-04 09:09:00.000
144,Katie Salazar,jennifer81@example.com,EMPLOYEE,2024-10-04 09:09:00.000,2024-10-04 09:09:00.000
145,Kelly Williams,michael52@example.com,EMPLOYEE,2024-10-04 09:09:00.000,2024-10-04 09:09:00.000
146,Bobby Bryant,patrickford@example.org,EMPLOYEE,2024-10-04 09:09:00.000,2024-10-04 09:09:00.000
147,Stephen West Jr.,gonzalezjennifer@example.net,EMPLOYEE,2024-10-04 09:09:00.000,2024-10-04 09:09:00.000
148,Janet Schultz,jacksonclaudia@example.net,EMPLOYEE,2024-10-04 09:09:00.000,2024-10-04 09:09:00.000
149,Meagan Hudson,yvonne69@example.org,EMPLOYEE,2024-10-04 09:09:00.000,2024-10-04 09:09:00.000
150,William Taylor,david96@example.org,EMPLOYEE,2024-10-04 09:09:00.000,2024-10-04 09:09:00.000
151,Ernest Flores,corylynn@example.net,EMPLOYEE,2024-10-04 09:09:00.000,2024-10-04 09:09:00.000
152,Robin Mullins,wellis@example.org,EMPLOYEE,2024-10-04 09:09:00.000,2024-10-04 09:09:00.000
153,Paul Alexander,mark03@example.net,EMPLOYEE,2024-10-04 09:09:00.000,2024-10-04 09:09:00.000
154,James Perez,carneyjames@example.com,EMPLOYEE,2024-10-04 09:09:00.000,2024-10-04 09:09:00.000
155,Brandon Green,hallkathryn@example.com,EMPLOYEE,2024-10-04 09:09:00.000,2024-10-04 09:09:00.000
156,Michael Norton,amy14@example.com,EMPLOYEE,2024-10-04 09:09:00.000,2024-10-04 09:09:00.000
157,Richard Hernandez,jacqueline18@example.com,EMPLOYEE,2024-10-04 09:09:00.000,2024-10-04 09:09:00.000
158,Michelle Stevens,hannahnewton@example.com,EMPLOYEE,2024-10-04 09:09:00.000,2024-10-04 09:09:00.000
159,Mark Jones,fmiller@example.com,EMPLOYEE,2024-10-04 09:09:00.000,2024-10-04 09:09:00.000
160,Michael Maxwell,danielle81@example.com,EMPLOYEE,2024-10-04 09:09:00.000,2024-10-04 09:09:00.000
161,Jordan Burgess,alvarezmary@example.com,EMPLOYEE,2024-10-04 09:09:00.000,2024-10-04 09:09:00.000
162,Brenda Jordan,lisa39@example.net,EMPLOYEE,2024-10-04 09:09:00.000,2024-10-04 09:09:00.000
163,Terry Smith,fmoyer@example.org,EMPLOYEE,2024-10-04 09:09:00.000,2024-10-04 09:09:00.000
164,Misty Hines,sharonjackson@example.net,EMPLOYEE,2024-10-04 09:09:00.000,2024-10-04 09:09:00.000
165,Ryan Norris,diana82@example.net,EMPLOYEE,2024-10-04 09:09:00.000,2024-10-04 09:09:00.000
166,Lucas Martinez,ntaylor@example.org,EMPLOYEE,2024-10-04 09:09:00.000,2024-10-04 09:09:00.000
167,Catherine Wyatt,alisonallen@example.org,EMPLOYEE,2024-10-04 09:09:00.000,2024-10-04 09:09:00.000
168,Christina Lynch,wesleycarroll@example.com,EMPLOYEE,2024-10-04 09:09:00.000,2024-10-04 09:09:00.000
169,Debra Snyder,aaron89@example.org,EMPLOYEE,2024-10-04 09:09:00.000,2024-10-04 09:09:00.000
170,Shelby Graves,uchristensen@example.net,EMPLOYEE,2024-10-04 09:09:00.000,2024-10-04 09:09:00.000
171,Scott White DDS,pittsjustin@example.org,EMPLOYEE,2024-10-04 09:09:00.000,2024-10-04 09:09:00.000
172,Robert Young DDS,karenmeyer@example.com,EMPLOYEE,2024-10-04 09:09:00.000,2024-10-04 09:09:00.000
173,Amanda Quinn,robert20@example.net,EMPLOYEE,2024-10-04 09:09:00.000,2024-10-04 09:09:00.000
174,Amber Bell,smithamanda@example.net,EMPLOYEE,2024-10-04 09:09:00.000,2024-10-04 09:09:00.000
175,Steven White,blevinsryan@example.org,EMPLOYEE,2024-10-04 09:09:00.000,2024-10-04 09:09:00.000
176,Greg Hicks,mmills@example.com,EMPLOYEE,2024-10-04 09:09:00.000,2024-10-04 09:09:00.000
177,Valerie Rodriguez,maryking@example.com,EMPLOYEE,2024-10-04 09:09:00.000,2024-10-04 09:09:00.000
178,Catherine Lin,qdunn@example.org,EMPLOYEE,2024-10-04 09:09:00.000,2024-10-04 09:09:00.000
179,Jennifer Thompson,koliver@example.org,EMPLOYEE,2024-10-04 09:09:00.000,2024-10-04 09:09:00.000
180,Ruth Harris,vrojas@example.net,EMPLOYEE,2024-10-04 09:09:00.000,2024-10-04 09:09:00.000
181,David Washington,robyn29@example.com,EMPLOYEE,2024-10-04 09:09:00.000,2024-10-04 09:09:00.000
182,Antonio Lee,dustin18@example.net,EMPLOYEE,2024-10-04 09:09:00.000,2024-10-04 09:09:00.000
183,Justin Martin,lisa07@example.org,EMPLOYEE,2024-10-04 09:09:00.000,2024-10-04 09:09:00.000
184,Allen Shannon,quinnstacey@example.org,EMPLOYEE,2024-10-04 09:09:00.000,2024-10-04 09:09:00.000
185,April Mejia,briankelley@example.org,EMPLOYEE,2024-10-04 09:09:00.000,2024-10-04 09:09:00.000
186,Bruce Swanson,johnsonbenjamin@example.net,EMPLOYEE,2024-10-04 09:09:00.000,2024-10-04 09:09:00.000
187,Annette Howell,jonesjohn@example.com,EMPLOYEE,2024-10-04 09:09:00.000,2024-10-04 09:09:00.000
188,Edward Wheeler,halexander@example.org,EMPLOYEE,2024-10-04 09:09:00.000,2024-10-04 09:09:00.000
189,Debra Bauer,williamsmelvin@example.org,EMPLOYEE,2024-10-04 09:09:00.000,2024-10-04 09:09:00.000
190,Teresa Estes,bonilladerek@example.org,EMPLOYEE,2024-10-04 09:09:00.000,2024-10-04 09:09:00.000
191,Maurice Davis DDS,jesus31@example.org,EMPLOYEE,2024-10-04 09:09:00.000,2024-10-04 09:09:00.000
192,Dennis Green,michaelperez@example.net,EMPLOYEE,2024-10-04 09:09:00.000,2024-10-04 09:09:00.000
193,Robert Gonzalez,gguzman@example.net,EMPLOYEE,2024-10-04 09:09:00.000,2024-10-04 09:09:00.000
194,Brittany Hampton,davidknight@example.net,EMPLOYEE,2024-10-04 09:09:00.000,2024-10-04 09:09:00.000
195,Jeffrey Morgan,dianadaniel@example.net,EMPLOYEE,2024-10-04 09:09:00.000,2024-10-04 09:09:00.000
196,Monique Perry,brandon89@example.net,EMPLOYEE,2024-10-04 09:09:00.000,2024-10-04 09:09:00.000
197,Chad Martinez,taylorchelsea@example.org,EMPLOYEE,2024-10-04 09:09:00.000,2024-10-04 09:09:00.000
198,Dakota Nelson,patricia71@example.net,EMPLOYEE,2024-10-04 09:09:00.000,2024-10-04 09:09:00.000
199,Rachael Gonzales,thompsoncatherine@example.com,EMPLOYEE,2024-10-04 09:09:00.000,2024-10-04 09:09:00.000
200,Marcus Olson,jreeves@example.org,EMPLOYEE,2024-10-04 09:09:00.000,2024-10-04 09:09:00.000
201,Thomas Navarro,qbradley@example.net,EMPLOYEE,2024-10-04 09:09:00.000,2024-10-04 09:09:00.000
202,Andrea Castillo,connor44@example.net,EMPLOYEE,2024-10-04 09:09:00.000,2024-10-04 09:09:00.000
203,Cynthia Waller,gdavis@example.net,EMPLOYEE,2024-10-04 09:09:00.000,2024-10-04 09:09:00.000
204,Miss Jill Robbins,tammy38@example.com,EMPLOYEE,2024-10-04 09:09:00.000,2024-10-04 09:09:00.000
205,Anthony Burton,wilsonjay@example.com,EMPLOYEE,2024-10-04 09:09:00.000,2024-10-04 09:09:00.000
206,Kimberly Wilson,karenmooney@example.com,EMPLOYEE,2024-10-04 09:09:00.000,2024-10-04 09:09:00.000
207,Joseph Hernandez,mollywillis@example.org,EMPLOYEE,2024-10-04 09:09:00.000,2024-10-04 09:09:00.000
208,Allison Thompson,wyatthaley@example.com,EMPLOYEE,2024-10-04 09:09:00.000,2024-10-04 09:09:00.000
209,Mr. Christopher Wilson,gregoryware@example.org,EMPLOYEE,2024-10-04 09:09:00.000,2024-10-04 09:09:00.000
210,Carrie Smith,connielove@example.net,EMPLOYEE,2024-10-04 09:09:00.000,2024-10-04 09:09:00.000
211,Alicia Wall,lharris@example.com,EMPLOYEE,2024-10-04 09:09:00.000,2024-10-04 09:09:00.000
212,Melissa Little PhD,ashley95@example.org,EMPLOYEE,2024-10-04 09:09:00.000,2024-10-04 09:09:00.000
213,Cassandra Jefferson,kimberlyjones@example.com,EMPLOYEE,2024-10-04 09:09:00.000,2024-10-04 09:09:00.000
214,Leslie Parks,antonio79@example.net,EMPLOYEE,2024-10-04 09:09:00.000,2024-10-04 09:09:00.000
215,Matthew Beck,jenniferbell@example.net,EMPLOYEE,2024-10-04 09:09:00.000,2024-10-04 09:09:00.000
216,David Jones,hernandezbeverly@example.org,EMPLOYEE,2024-10-04 09:09:00.000,2024-10-04 09:09:00.000
217,Thomas Russo,wpaul@example.net,EMPLOYEE,2024-10-04 09:09:00.000,2024-10-04 09:09:00.000
218,Holly Ross,khannicolas@example.net,EMPLOYEE,2024-10-04 09:09:00.000,2024-10-04 09:09:00.000
219,Rose Smith,dgardner@example.net,EMPLOYEE,2024-10-04 09:09:00.000,2024-10-04 09:09:00.000
220,Phillip Duke,adamsbenjamin@example.net,EMPLOYEE,2024-10-04 09:09:00.000,2024-10-04 09:09:00.000
221,Stephanie Carroll,sandra61@example.net,EMPLOYEE,2024-10-04 09:09:00.000,2024-10-04 09:09:00.000
222,Mark Hale,ddaniels@example.com,EMPLOYEE,2024-10-04 09:09:00.000,2024-10-04 09:09:00.000
223,Roberta Sampson,kimberly59@example.org,EMPLOYEE,2024-10-04 09:09:00.000,2024-10-04 09:09:00.000
224,Erica Munoz,erika65@example.com,EMPLOYEE,2024-10-04 09:09:00.000,2024-10-04 09:09:00.000
225,Jamie Davis,lisa20@example.net,EMPLOYEE,2024-10-04 09:09:00.000,2024-10-04 09:09:00.000
226,Sheila Ortiz,snyderjoshua@example.com,EMPLOYEE,2024-10-04 09:09:00.000,2024-10-04 09:09:00.000
227,Charles Kennedy,woodjorge@example.org,EMPLOYEE,2024-10-04 09:09:00.000,2024-10-04 09:09:00.000
228,Erin Smith,blairnicholas@example.org,EMPLOYEE,2024-10-04 09:09:00.000,2024-10-04 09:09:00.000
229,Dakota Baker,lopezisabella@example.com,EMPLOYEE,2024-10-04 09:09:00.000,2024-10-04 09:09:00.000
230,Patrick Macdonald,williamwright@example.net,EMPLOYEE,2024-10-04 09:09:00.000,2024-10-04 09:09:00.000
231,Mark Castillo,ashley82@example.com,EMPLOYEE,2024-10-04 09:09:00.000,2024-10-04 09:09:00.000
232,Zachary Nguyen,rcole@example.net,EMPLOYEE,2024-10-04 09:09:00.000,2024-10-04 09:09:00.000
233,Jessica Crawford,kathleen58@example.com,EMPLOYEE,2024-10-04 09:09:00.000,2024-10-04 09:09:00.000
234,Megan Logan,adkinsjeremiah@example.org,EMPLOYEE,2024-10-04 09:09:00.000,2024-10-04 09:09:00.000
235,Eric Glover,lisasmith@example.org,EMPLOYEE,2024-10-04 09:09:00.000,2024-10-04 09:09:00.000
236,Tanya Sutton,welcherica@example.org,EMPLOYEE,2024-10-04 09:09:00.000,2024-10-04 09:09:00.000
237,Charles Crawford,jasmine21@example.com,EMPLOYEE,2024-10-04 09:09:00.000,2024-10-04 09:09:00.000
238,Julie Holland,qshaw@example.com,EMPLOYEE,2024-10-04 09:09:00.000,2024-10-04 09:09:00.000
239,Cindy Daniels,gmiller@example.org,EMPLOYEE,2024-10-04 09:09:00.000,2024-10-04 09:09:00.000
240,Douglas Vazquez,nicholstroy@example.net,EMPLOYEE,2024-10-04 09:09:00.000,2024-10-04 09:09:00.000
241,Lisa Wiggins,keithdana@example.org,EMPLOYEE,2024-10-04 09:09:00.000,2024-10-04 09:09:00.000
242,Christine Lee,qdavis@example.net,EMPLOYEE,2024-10-04 09:09:00.000,2024-10-04 09:09:00.000
243,Jonathan Carpenter,jacksonchristopher@example.com,EMPLOYEE,2024-10-04 09:09:00.000,2024-10-04 09:09:00.000
244,Lisa Hanson,jennifer27@example.org,EMPLOYEE,2024-10-04 09:09:00.000,2024-10-04 09:09:00.000
245,Edgar Garcia,wardgregory@example.org,EMPLOYEE,2024-10-04 09:09:00.000,2024-10-04 09:09:00.000
246,Roger Baker,kathleenbrown@example.com,EMPLOYEE,2024-10-04 09:09:00.000,2024-10-04 09:09:00.000
247,Tammy Cross,cruzroy@example.com,EMPLOYEE,2024-10-04 09:09:00.000,2024-10-04 09:09:00.000
248,Hannah Cross,kristinsmith@example.net,EMPLOYEE,2024-10-04 09:09:00.000,2024-10-04 09:09:00.000
249,James Peterson,christopher95@example.org,EMPLOYEE,2024-10-04 09:09:00.000,2024-10-04 09:09:00.000
250,Randy Gray,barnesmeghan@example.net,EMPLOYEE,2024-10-04 09:09:00.000,2024-10-04 09:09:00.000
251,Jennifer Lutz,michael66@example.com,EMPLOYEE,2024-10-04 09:09:00.000,2024-10-04 09:09:00.000
252,Dr. Hunter Woodard,angela28@example.com,EMPLOYEE,2024-10-04 09:09:00.000,2024-10-04 09:09:00.000
253,Sandra Johnson,gphillips@example.com,EMPLOYEE,2024-10-04 09:09:00.000,2024-10-04 09:09:00.000
254,Jacob Waller,danajones@example.net,EMPLOYEE,2024-10-04 09:09:00.000,2024-10-04 09:09:00.000
255,Theresa Schneider,andrew71@example.com,EMPLOYEE,2024-10-04 09:09:00.000,2024-10-04 09:09:00.000
256,Austin Joyce,steven16@example.net,EMPLOYEE,2024-10-04 09:09:00.000,2024-10-04 09:09:00.000
257,Shelly Castro,wendywood@example.net,EMPLOYEE,2024-10-04 09:09:00.000,2024-10-04 09:09:00.000
258,Thomas Villanueva,colemanjohn@example.org,EMPLOYEE,2024-10-04 09:09:00.000,2024-10-04 09:09:00.000
259,Taylor Perkins,norrislisa@example.org,EMPLOYEE,2024-10-04 09:09:00.000,2024-10-04 09:09:00.000
260,Kyle Simpson,carloshayes@example.com,EMPLOYEE,2024-10-04 09:09:00.000,2024-10-04 09:09:00.000
261,Melissa Burch,zcruz@example.com,EMPLOYEE,2024-10-04 09:09:00.000,2024-10-04 09:09:00.000
262,Katherine Gonzalez,sandovalmaria@example.com,EMPLOYEE,2024-10-04 09:09:00.000,2024-10-04 09:09:00.000
263,Eric Nelson,jray@example.org,EMPLOYEE,2024-10-04 09:09:00.000,2024-10-04 09:09:00.000
264,William Ortiz,oreyes@example.net,EMPLOYEE,2024-10-04 09:09:00.000,2024-10-04 09:09:00.000
265,Haley Blackwell,kenneth49@example.org,EMPLOYEE,2024-10-04 09:09:00.000,2024-10-04 09:09:00.000
266,Patrick Orozco,oburns@example.com,EMPLOYEE,2024-10-04 09:09:00.000,2024-10-04 09:09:00.000
267,Marc Abbott,matthew21@example.net,EMPLOYEE,2024-10-04 09:09:00.000,2024-10-04 09:09:00.000
268,Martha Dennis,christophercastillo@example.com,ADMIN,2024-10-04 09:09:00.000,2024-10-04 09:09:00.000
269,Michael Morgan,kathryn02@example.com,EMPLOYEE,2024-10-04 09:09:00.000,2024-10-04 09:09:00.000
270,Matthew Thompson,douglas30@example.com,EMPLOYEE,2024-10-04 09:09:00.000,2024-10-04 09:09:00.000
271,Kevin Larsen,amy34@example.org,EMPLOYEE,2024-10-04 09:09:00.000,2024-10-04 09:09:00.000
272,Brandon Hamilton,andreaperez@example.org,EMPLOYEE,2024-10-04 09:09:00.000,2024-10-04 09:09:00.000
273,Derrick Noble,hornjoshua@example.com,EMPLOYEE,2024-10-04 09:09:00.000,2024-10-04 09:09:00.000
274,Madison Davis,destinydavis@example.com,EMPLOYEE,2024-10-04 09:09:00.000,2024-10-04 09:09:00.000
275,Samuel Andrews,maciastina@example.org,EMPLOYEE,2024-10-04 09:09:00.000,2024-10-04 09:09:00.000
276,Carl Gomez,zandrews@example.net,EMPLOYEE,2024-10-04 09:09:00.000,2024-10-04 09:09:00.000
277,Javier Adams,griffinscott@example.net,ADMIN,2024-10-04 09:09:00.000,2024-10-04 09:09:00.000
278,Patricia Jones,aaron80@example.net,EMPLOYEE,2024-10-04 09:09:00.000,2024-10-04 09:09:00.000
279,Susan Kelley,gallegosjoseph@example.com,EMPLOYEE,2024-10-04 09:09:00.000,2024-10-04 09:09:00.000
280,Michelle Smith,jcurtis@example.org,EMPLOYEE,2024-10-04 09:09:00.000,2024-10-04 09:09:00.000
281,Ana Sloan,osolomon@example.net,EMPLOYEE,2024-10-04 09:09:00.000,2024-10-04 09:09:00.000
282,Michelle Castillo,sheena22@example.com,EMPLOYEE,2024-10-04 09:09:00.000,2024-10-04 09:09:00.000
283,Erik Walters,steven36@example.com,EMPLOYEE,2024-10-04 09:09:00.000,2024-10-04 09:09:00.000
284,Jamie Lopez,davisryan@example.net,EMPLOYEE,2024-10-04 09:09:00.000,2024-10-04 09:09:00.000
285,Patricia Knight,wvaldez@example.org,EMPLOYEE,2024-10-04 09:09:00.000,2024-10-04 09:09:00.000
286,Steven Harvey,xanderson@example.org,EMPLOYEE,2024-10-04 09:09:00.000,2024-10-04 09:09:00.000
287,Norma Reynolds,moyercharles@example.com,EMPLOYEE,2024-10-04 09:09:00.000,2024-10-04 09:09:00.000
288,Ashley Nguyen,deancummings@example.net,EMPLOYEE,2024-10-04 09:09:00.000,2024-10-04 09:09:00.000
289,Beth Black,donnarodriguez@example.org,EMPLOYEE,2024-10-04 09:09:00.000,2024-10-04 09:09:00.000
290,Andrew Guzman,ramosnoah@example.com,EMPLOYEE,2024-10-04 09:09:00.000,2024-10-04 09:09:00.000
291,Kim Garcia,michael86@example.org,EMPLOYEE,2024-10-04 09:09:00.000,2024-10-04 09:09:00.000
292,Ashley Johnson,jasonholder@example.net,EMPLOYEE,2024-10-04 09:09:00.000,2024-10-04 09:09:00.000
293,Ashley Proctor,ucarter@example.org,EMPLOYEE,2024-10-04 09:09:00.000,2024-10-04 09:09:00.000
294,Rachel Oliver,laurenlynch@example.org,EMPLOYEE,2024-10-04 09:09:00.000,2024-10-04 09:09:00.000
295,Jordan Clark,grimeshunter@example.com,EMPLOYEE,2024-10-04 09:09:00.000,2024-10-04 09:09:00.000
296,Alice Mason,kristina92@example.net,EMPLOYEE,2024-10-04 09:09:00.000,2024-10-04 09:09:00.000
297,Amanda Jones,gdavis@example.com,EMPLOYEE,2024-10-04 09:09:00.000,2024-10-04 09:09:00.000
298,Zachary Parrish,melissahernandez@example.com,EMPLOYEE,2024-10-04 09:09:00.000,2024-10-04 09:09:00.000
299,James Peck,hharris@example.org,EMPLOYEE,2024-10-04 09:09:00.000,2024-10-04 09:09:00.000
300,Kimberly Morris,rachellong@example.com,EMPLOYEE,2024-10-04 09:09:00.000,2024-10-04 09:09:00.000
301,Alvin Boone,zmendez@example.com,EMPLOYEE,2024-10-04 09:09:00.000,2024-10-04 09:09:00.000
302,Randy Kennedy,benjamin56@example.org,EMPLOYEE,2024-10-04 09:09:00.000,2024-10-04 09:09:00.000
303,Jeffery Burgess,lewischelsea@example.net,EMPLOYEE,2024-10-04 09:09:00.000,2024-10-04 09:09:00.000
304,Hari Raj GS,hariraj@example.com,EMPLOYEE,2024-10-08 10:53:42.505,2024-10-08 10:53:42.505
305,Hari Raj G S,hairaj@example.com,EMPLOYEE,2024-10-08 12:22:15.569,2024-10-08 12:22:15.569
