id,name,email,password,role,createdAt,updatedAt
4,Robert Hart,deborahhernandez@example.org,$2b$10$e2kWX54o1Om1.S8PIXj4Be6mRtz7mFQheATL7RRJbSgoqigLVDhxq,EMPLOYEE,10/4/24 9:09 AM,10/4/24 9:09 AM
5,Kevin Wise,lguzman@example.com,$2b$10$e2kWX54o1Om1.S8PIXj4Be6mRtz7mFQheATL7RRJbSgoqigLVDhxq,EMPLOYEE,10/4/24 9:09 AM,10/4/24 9:09 AM
6,David Lee,ashley72@example.net,$2b$10$e2kWX54o1Om1.S8PIXj4Be6mRtz7mFQheATL7RRJbSgoqigLVDhxq,EMPLOYEE,10/4/24 9:09 AM,10/4/24 9:09 AM
7,Samuel Velazquez,xsalazar@example.net,$2b$10$e2kWX54o1Om1.S8PIXj4Be6mRtz7mFQheATL7RRJbSgoqigLVDhxq,EMPLOYEE,10/4/24 9:09 AM,10/4/24 9:09 AM
8,Angela Henderson,wwarner@example.com,$2b$10$e2kWX54o1Om1.S8PIXj4Be6mRtz7mFQheATL7RRJbSgoqigLVDhxq,EMPLOYEE,10/4/24 9:09 AM,10/4/24 9:09 AM
9,Maureen Castillo,saunderspatricia@example.com,$2b$10$e2kWX54o1Om1.S8PIXj4Be6mRtz7mFQheATL7RRJbSgoqigLVDhxq,EMPLOYEE,10/4/24 9:09 AM,10/4/24 9:09 AM
10,Travis Johnson,ijoyce@example.net,$2b$10$e2kWX54o1Om1.S8PIXj4Be6mRtz7mFQheATL7RRJbSgoqigLVDhxq,EMPLOYEE,10/4/24 9:09 AM,10/4/24 9:09 AM
11,Tracey Hill,freemantina@example.com,$2b$10$e2kWX54o1Om1.S8PIXj4Be6mRtz7mFQheATL7RRJbSgoqigLVDhxq,EMPLOYEE,10/4/24 9:09 AM,10/4/24 9:09 AM
12,Veronica Davis,marvinacevedo@example.net,$2b$10$e2kWX54o1Om1.S8PIXj4Be6mRtz7mFQheATL7RRJbSgoqigLVDhxq,EMPLOYEE,10/4/24 9:09 AM,10/4/24 9:09 AM
13,Craig Dunn,wtaylor@example.com,$2b$10$e2kWX54o1Om1.S8PIXj4Be6mRtz7mFQheATL7RRJbSgoqigLVDhxq,EMPLOYEE,10/4/24 9:09 AM,10/4/24 9:09 AM
14,John Williams,barajasnichole@example.net,$2b$10$e2kWX54o1Om1.S8PIXj4Be6mRtz7mFQheATL7RRJbSgoqigLVDhxq,EMPLOYEE,10/4/24 9:09 AM,10/4/24 9:09 AM
15,Jordan Robbins,jessicashaw@example.com,$2b$10$e2kWX54o1Om1.S8PIXj4Be6mRtz7mFQheATL7RRJbSgoqigLVDhxq,EMPLOYEE,10/4/24 9:09 AM,10/4/24 9:09 AM
16,Daniel Velasquez,gonzalezcrystal@example.net,$2b$10$e2kWX54o1Om1.S8PIXj4Be6mRtz7mFQheATL7RRJbSgoqigLVDhxq,EMPLOYEE,10/4/24 9:09 AM,10/4/24 9:09 AM
17,Terri Davis,thomasmelendez@example.com,$2b$10$e2kWX54o1Om1.S8PIXj4Be6mRtz7mFQheATL7RRJbSgoqigLVDhxq,EMPLOYEE,10/4/24 9:09 AM,10/4/24 9:09 AM
18,Jose Stark,kelly64@example.org,$2b$10$e2kWX54o1Om1.S8PIXj4Be6mRtz7mFQheATL7RRJbSgoqigLVDhxq,EMPLOYEE,10/4/24 9:09 AM,10/4/24 9:09 AM
19,Joshua Howard,eatonrobert@example.org,$2b$10$e2kWX54o1Om1.S8PIXj4Be6mRtz7mFQheATL7RRJbSgoqigLVDhxq,EMPLOYEE,10/4/24 9:09 AM,10/4/24 9:09 AM
20,James Allen,lori10@example.com,$2b$10$e2kWX54o1Om1.S8PIXj4Be6mRtz7mFQheATL7RRJbSgoqigLVDhxq,EMPLOYEE,10/4/24 9:09 AM,10/4/24 9:09 AM
21,Allison Ramos,brandihale@example.net,$2b$10$e2kWX54o1Om1.S8PIXj4Be6mRtz7mFQheATL7RRJbSgoqigLVDhxq,EMPLOYEE,10/4/24 9:09 AM,10/4/24 9:09 AM
22,Michael Nichols,xmendoza@example.net,$2b$10$e2kWX54o1Om1.S8PIXj4Be6mRtz7mFQheATL7RRJbSgoqigLVDhxq,EMPLOYEE,10/4/24 9:09 AM,10/4/24 9:09 AM
23,Rebecca Serrano,alee@example.net,$2b$10$e2kWX54o1Om1.S8PIXj4Be6mRtz7mFQheATL7RRJbSgoqigLVDhxq,EMPLOYEE,10/4/24 9:09 AM,10/4/24 9:09 AM
24,Holly Morrow,xyoung@example.org,$2b$10$e2kWX54o1Om1.S8PIXj4Be6mRtz7mFQheATL7RRJbSgoqigLVDhxq,EMPLOYEE,10/4/24 9:09 AM,10/4/24 9:09 AM
25,Nicole Miller,felicia41@example.org,$2b$10$e2kWX54o1Om1.S8PIXj4Be6mRtz7mFQheATL7RRJbSgoqigLVDhxq,EMPLOYEE,10/4/24 9:09 AM,10/4/24 9:09 AM
26,Kevin Peterson,bookertoni@example.net,$2b$10$e2kWX54o1Om1.S8PIXj4Be6mRtz7mFQheATL7RRJbSgoqigLVDhxq,EMPLOYEE,10/4/24 9:09 AM,10/4/24 9:09 AM
27,William Green,karen23@example.com,$2b$10$e2kWX54o1Om1.S8PIXj4Be6mRtz7mFQheATL7RRJbSgoqigLVDhxq,EMPLOYEE,10/4/24 9:09 AM,10/4/24 9:09 AM
28,Megan Maldonado,donald39@example.org,$2b$10$e2kWX54o1Om1.S8PIXj4Be6mRtz7mFQheATL7RRJbSgoqigLVDhxq,EMPLOYEE,10/4/24 9:09 AM,10/4/24 9:09 AM
29,Mr. Anthony Montgomery,myersdustin@example.org,$2b$10$e2kWX54o1Om1.S8PIXj4Be6mRtz7mFQheATL7RRJbSgoqigLVDhxq,EMPLOYEE,10/4/24 9:09 AM,10/4/24 9:09 AM
30,Nicholas Valencia,joann11@example.org,$2b$10$e2kWX54o1Om1.S8PIXj4Be6mRtz7mFQheATL7RRJbSgoqigLVDhxq,EMPLOYEE,10/4/24 9:09 AM,10/4/24 9:09 AM
31,Julie Schwartz,wlopez@example.net,$2b$10$e2kWX54o1Om1.S8PIXj4Be6mRtz7mFQheATL7RRJbSgoqigLVDhxq,EMPLOYEE,10/4/24 9:09 AM,10/4/24 9:09 AM
32,Michael Ballard,leah43@example.com,$2b$10$e2kWX54o1Om1.S8PIXj4Be6mRtz7mFQheATL7RRJbSgoqigLVDhxq,EMPLOYEE,10/4/24 9:09 AM,10/4/24 9:09 AM
33,Rebecca Smith,stevenssarah@example.net,$2b$10$e2kWX54o1Om1.S8PIXj4Be6mRtz7mFQheATL7RRJbSgoqigLVDhxq,EMPLOYEE,10/4/24 9:09 AM,10/4/24 9:09 AM
34,Lauren Wright,xnorman@example.org,$2b$10$e2kWX54o1Om1.S8PIXj4Be6mRtz7mFQheATL7RRJbSgoqigLVDhxq,EMPLOYEE,10/4/24 9:09 AM,10/4/24 9:09 AM
35,Luke Burch,dennismiller@example.net,$2b$10$e2kWX54o1Om1.S8PIXj4Be6mRtz7mFQheATL7RRJbSgoqigLVDhxq,EMPLOYEE,10/4/24 9:09 AM,10/4/24 9:09 AM
36,Hunter Stafford,kimberlysmith@example.net,$2b$10$e2kWX54o1Om1.S8PIXj4Be6mRtz7mFQheATL7RRJbSgoqigLVDhxq,EMPLOYEE,10/4/24 9:09 AM,10/4/24 9:09 AM
37,Edward Green,jasonrodriguez@example.net,$2b$10$e2kWX54o1Om1.S8PIXj4Be6mRtz7mFQheATL7RRJbSgoqigLVDhxq,EMPLOYEE,10/4/24 9:09 AM,10/4/24 9:09 AM
38,Robin Bartlett,wilsonsheena@example.org,$2b$10$e2kWX54o1Om1.S8PIXj4Be6mRtz7mFQheATL7RRJbSgoqigLVDhxq,EMPLOYEE,10/4/24 9:09 AM,10/4/24 9:09 AM
39,Kelly Robbins,qbrown@example.org,$2b$10$e2kWX54o1Om1.S8PIXj4Be6mRtz7mFQheATL7RRJbSgoqigLVDhxq,EMPLOYEE,10/4/24 9:09 AM,10/4/24 9:09 AM
40,John Donovan,kathleenross@example.org,$2b$10$e2kWX54o1Om1.S8PIXj4Be6mRtz7mFQheATL7RRJbSgoqigLVDhxq,EMPLOYEE,10/4/24 9:09 AM,10/4/24 9:09 AM
41,Jessica Jones,christopher45@example.org,$2b$10$e2kWX54o1Om1.S8PIXj4Be6mRtz7mFQheATL7RRJbSgoqigLVDhxq,EMPLOYEE,10/4/24 9:09 AM,10/4/24 9:09 AM
42,Theresa Kelly,diazheather@example.net,$2b$10$e2kWX54o1Om1.S8PIXj4Be6mRtz7mFQheATL7RRJbSgoqigLVDhxq,EMPLOYEE,10/4/24 9:09 AM,10/4/24 9:09 AM
43,Rick Morgan,scott72@example.com,$2b$10$e2kWX54o1Om1.S8PIXj4Be6mRtz7mFQheATL7RRJbSgoqigLVDhxq,EMPLOYEE,10/4/24 9:09 AM,10/4/24 9:09 AM
44,Karen Brooks,jennifersnyder@example.com,$2b$10$e2kWX54o1Om1.S8PIXj4Be6mRtz7mFQheATL7RRJbSgoqigLVDhxq,EMPLOYEE,10/4/24 9:09 AM,10/4/24 9:09 AM
45,Kathryn Brown,amandafernandez@example.com,$2b$10$e2kWX54o1Om1.S8PIXj4Be6mRtz7mFQheATL7RRJbSgoqigLVDhxq,EMPLOYEE,10/4/24 9:09 AM,10/4/24 9:09 AM
46,Taylor Alvarez,montesjacob@example.com,$2b$10$e2kWX54o1Om1.S8PIXj4Be6mRtz7mFQheATL7RRJbSgoqigLVDhxq,EMPLOYEE,10/4/24 9:09 AM,10/4/24 9:09 AM
47,Terry Hernandez,robertrobinson@example.net,$2b$10$e2kWX54o1Om1.S8PIXj4Be6mRtz7mFQheATL7RRJbSgoqigLVDhxq,EMPLOYEE,10/4/24 9:09 AM,10/4/24 9:09 AM
48,Cynthia Sullivan,harrisonanna@example.org,$2b$10$e2kWX54o1Om1.S8PIXj4Be6mRtz7mFQheATL7RRJbSgoqigLVDhxq,EMPLOYEE,10/4/24 9:09 AM,10/4/24 9:09 AM
49,Brian Roberson,robertrosario@example.net,$2b$10$e2kWX54o1Om1.S8PIXj4Be6mRtz7mFQheATL7RRJbSgoqigLVDhxq,EMPLOYEE,10/4/24 9:09 AM,10/4/24 9:09 AM
50,Andrew Clark,mendozastephen@example.org,$2b$10$e2kWX54o1Om1.S8PIXj4Be6mRtz7mFQheATL7RRJbSgoqigLVDhxq,EMPLOYEE,10/4/24 9:09 AM,10/4/24 9:09 AM
51,Charles Marquez,kharmon@example.com,$2b$10$e2kWX54o1Om1.S8PIXj4Be6mRtz7mFQheATL7RRJbSgoqigLVDhxq,EMPLOYEE,10/4/24 9:09 AM,10/4/24 9:09 AM
52,Hannah Lowery,thomasandrew@example.net,$2b$10$e2kWX54o1Om1.S8PIXj4Be6mRtz7mFQheATL7RRJbSgoqigLVDhxq,EMPLOYEE,10/4/24 9:09 AM,10/4/24 9:09 AM
53,Margaret Serrano,cassandra95@example.net,$2b$10$e2kWX54o1Om1.S8PIXj4Be6mRtz7mFQheATL7RRJbSgoqigLVDhxq,EMPLOYEE,10/4/24 9:09 AM,10/4/24 9:09 AM
54,Christopher Thompson,laurieallen@example.org,$2b$10$e2kWX54o1Om1.S8PIXj4Be6mRtz7mFQheATL7RRJbSgoqigLVDhxq,EMPLOYEE,10/4/24 9:09 AM,10/4/24 9:09 AM
55,Barbara Parker,cardenasrichard@example.org,$2b$10$e2kWX54o1Om1.S8PIXj4Be6mRtz7mFQheATL7RRJbSgoqigLVDhxq,EMPLOYEE,10/4/24 9:09 AM,10/4/24 9:09 AM
56,Jennifer Sanchez,braunsue@example.org,$2b$10$e2kWX54o1Om1.S8PIXj4Be6mRtz7mFQheATL7RRJbSgoqigLVDhxq,EMPLOYEE,10/4/24 9:09 AM,10/4/24 9:09 AM
57,Steven Miller,sandra50@example.net,$2b$10$e2kWX54o1Om1.S8PIXj4Be6mRtz7mFQheATL7RRJbSgoqigLVDhxq,EMPLOYEE,10/4/24 9:09 AM,10/4/24 9:09 AM
58,Catherine Zamora,hjohnson@example.org,$2b$10$e2kWX54o1Om1.S8PIXj4Be6mRtz7mFQheATL7RRJbSgoqigLVDhxq,EMPLOYEE,10/4/24 9:09 AM,10/4/24 9:09 AM
59,Deanna Blair,louis93@example.net,$2b$10$e2kWX54o1Om1.S8PIXj4Be6mRtz7mFQheATL7RRJbSgoqigLVDhxq,EMPLOYEE,10/4/24 9:09 AM,10/4/24 9:09 AM
60,Renee Carroll,patricia35@example.net,$2b$10$e2kWX54o1Om1.S8PIXj4Be6mRtz7mFQheATL7RRJbSgoqigLVDhxq,EMPLOYEE,10/4/24 9:09 AM,10/4/24 9:09 AM
61,Kendra Freeman,jordanclark@example.com,$2b$10$e2kWX54o1Om1.S8PIXj4Be6mRtz7mFQheATL7RRJbSgoqigLVDhxq,EMPLOYEE,10/4/24 9:09 AM,10/4/24 9:09 AM
62,Joshua Stephens,jameskelley@example.org,$2b$10$e2kWX54o1Om1.S8PIXj4Be6mRtz7mFQheATL7RRJbSgoqigLVDhxq,EMPLOYEE,10/4/24 9:09 AM,10/4/24 9:09 AM
63,Lee Silva,pamelawhite@example.org,$2b$10$e2kWX54o1Om1.S8PIXj4Be6mRtz7mFQheATL7RRJbSgoqigLVDhxq,EMPLOYEE,10/4/24 9:09 AM,10/4/24 9:09 AM
64,William Miller,williamsoncatherine@example.net,$2b$10$e2kWX54o1Om1.S8PIXj4Be6mRtz7mFQheATL7RRJbSgoqigLVDhxq,EMPLOYEE,10/4/24 9:09 AM,10/4/24 9:09 AM
65,Elizabeth Cooper,josevillarreal@example.net,$2b$10$e2kWX54o1Om1.S8PIXj4Be6mRtz7mFQheATL7RRJbSgoqigLVDhxq,EMPLOYEE,10/4/24 9:09 AM,10/4/24 9:09 AM
66,Alyssa Malone,stephenknight@example.com,$2b$10$e2kWX54o1Om1.S8PIXj4Be6mRtz7mFQheATL7RRJbSgoqigLVDhxq,EMPLOYEE,10/4/24 9:09 AM,10/4/24 9:09 AM
67,Paul Gonzalez,jeffcrane@example.org,$2b$10$e2kWX54o1Om1.S8PIXj4Be6mRtz7mFQheATL7RRJbSgoqigLVDhxq,EMPLOYEE,10/4/24 9:09 AM,10/4/24 9:09 AM
68,David Lyons,mitchelltimothy@example.net,$2b$10$e2kWX54o1Om1.S8PIXj4Be6mRtz7mFQheATL7RRJbSgoqigLVDhxq,EMPLOYEE,10/4/24 9:09 AM,10/4/24 9:09 AM
69,Cindy Young,omcdaniel@example.com,$2b$10$e2kWX54o1Om1.S8PIXj4Be6mRtz7mFQheATL7RRJbSgoqigLVDhxq,EMPLOYEE,10/4/24 9:09 AM,10/4/24 9:09 AM
70,Peter Bradley,gregoryflowers@example.com,$2b$10$e2kWX54o1Om1.S8PIXj4Be6mRtz7mFQheATL7RRJbSgoqigLVDhxq,EMPLOYEE,10/4/24 9:09 AM,10/4/24 9:09 AM
71,Sarah Contreras,simpsonjenny@example.net,$2b$10$e2kWX54o1Om1.S8PIXj4Be6mRtz7mFQheATL7RRJbSgoqigLVDhxq,EMPLOYEE,10/4/24 9:09 AM,10/4/24 9:09 AM
72,Jennifer Washington,kjordan@example.org,$2b$10$e2kWX54o1Om1.S8PIXj4Be6mRtz7mFQheATL7RRJbSgoqigLVDhxq,EMPLOYEE,10/4/24 9:09 AM,10/4/24 9:09 AM
73,Leah Miller,matthewtrujillo@example.com,$2b$10$e2kWX54o1Om1.S8PIXj4Be6mRtz7mFQheATL7RRJbSgoqigLVDhxq,EMPLOYEE,10/4/24 9:09 AM,10/4/24 9:09 AM
74,Shane Bentley,timothy12@example.net,$2b$10$e2kWX54o1Om1.S8PIXj4Be6mRtz7mFQheATL7RRJbSgoqigLVDhxq,EMPLOYEE,10/4/24 9:09 AM,10/4/24 9:09 AM
75,Joshua Peck,williamsandrew@example.net,$2b$10$e2kWX54o1Om1.S8PIXj4Be6mRtz7mFQheATL7RRJbSgoqigLVDhxq,EMPLOYEE,10/4/24 9:09 AM,10/4/24 9:09 AM
76,Stanley Smith,sonyafrench@example.com,$2b$10$e2kWX54o1Om1.S8PIXj4Be6mRtz7mFQheATL7RRJbSgoqigLVDhxq,EMPLOYEE,10/4/24 9:09 AM,10/4/24 9:09 AM
77,Diane Cummings,jakelewis@example.net,$2b$10$e2kWX54o1Om1.S8PIXj4Be6mRtz7mFQheATL7RRJbSgoqigLVDhxq,EMPLOYEE,10/4/24 9:09 AM,10/4/24 9:09 AM
78,Anthony Ellison,ijones@example.net,$2b$10$e2kWX54o1Om1.S8PIXj4Be6mRtz7mFQheATL7RRJbSgoqigLVDhxq,EMPLOYEE,10/4/24 9:09 AM,10/4/24 9:09 AM
79,James Gray,charlottefleming@example.com,$2b$10$e2kWX54o1Om1.S8PIXj4Be6mRtz7mFQheATL7RRJbSgoqigLVDhxq,EMPLOYEE,10/4/24 9:09 AM,10/4/24 9:09 AM
80,Shelby Adams,hornerin@example.org,$2b$10$e2kWX54o1Om1.S8PIXj4Be6mRtz7mFQheATL7RRJbSgoqigLVDhxq,EMPLOYEE,10/4/24 9:09 AM,10/4/24 9:09 AM
81,Jeremy Huang,stephenhayes@example.org,$2b$10$e2kWX54o1Om1.S8PIXj4Be6mRtz7mFQheATL7RRJbSgoqigLVDhxq,EMPLOYEE,10/4/24 9:09 AM,10/4/24 9:09 AM
82,William Miller,jamie54@example.org,$2b$10$e2kWX54o1Om1.S8PIXj4Be6mRtz7mFQheATL7RRJbSgoqigLVDhxq,EMPLOYEE,10/4/24 9:09 AM,10/4/24 9:09 AM
83,Aaron Gregory,ericarichardson@example.com,$2b$10$e2kWX54o1Om1.S8PIXj4Be6mRtz7mFQheATL7RRJbSgoqigLVDhxq,EMPLOYEE,10/4/24 9:09 AM,10/4/24 9:09 AM
84,Douglas Holland,smithsusan@example.net,$2b$10$e2kWX54o1Om1.S8PIXj4Be6mRtz7mFQheATL7RRJbSgoqigLVDhxq,EMPLOYEE,10/4/24 9:09 AM,10/4/24 9:09 AM
85,Heather Chambers,rasmussenkristopher@example.org,$2b$10$e2kWX54o1Om1.S8PIXj4Be6mRtz7mFQheATL7RRJbSgoqigLVDhxq,EMPLOYEE,10/4/24 9:09 AM,10/4/24 9:09 AM
86,Sarah Fisher,jennyclark@example.com,$2b$10$e2kWX54o1Om1.S8PIXj4Be6mRtz7mFQheATL7RRJbSgoqigLVDhxq,EMPLOYEE,10/4/24 9:09 AM,10/4/24 9:09 AM
87,Arthur Alvarez,pkemp@example.net,$2b$10$e2kWX54o1Om1.S8PIXj4Be6mRtz7mFQheATL7RRJbSgoqigLVDhxq,EMPLOYEE,10/4/24 9:09 AM,10/4/24 9:09 AM
88,Stephen Nguyen,jjennings@example.net,$2b$10$e2kWX54o1Om1.S8PIXj4Be6mRtz7mFQheATL7RRJbSgoqigLVDhxq,EMPLOYEE,10/4/24 9:09 AM,10/4/24 9:09 AM
89,Todd Church,lritter@example.net,$2b$10$e2kWX54o1Om1.S8PIXj4Be6mRtz7mFQheATL7RRJbSgoqigLVDhxq,EMPLOYEE,10/4/24 9:09 AM,10/4/24 9:09 AM
90,Michelle Welch,walterburke@example.org,$2b$10$e2kWX54o1Om1.S8PIXj4Be6mRtz7mFQheATL7RRJbSgoqigLVDhxq,EMPLOYEE,10/4/24 9:09 AM,10/4/24 9:09 AM
91,Lauren Stone,perrysherry@example.net,$2b$10$e2kWX54o1Om1.S8PIXj4Be6mRtz7mFQheATL7RRJbSgoqigLVDhxq,EMPLOYEE,10/4/24 9:09 AM,10/4/24 9:09 AM
92,Ian Jackson,simmonsnicole@example.com,$2b$10$e2kWX54o1Om1.S8PIXj4Be6mRtz7mFQheATL7RRJbSgoqigLVDhxq,EMPLOYEE,10/4/24 9:09 AM,10/4/24 9:09 AM
93,Monique Peterson,heatherwarner@example.net,$2b$10$e2kWX54o1Om1.S8PIXj4Be6mRtz7mFQheATL7RRJbSgoqigLVDhxq,EMPLOYEE,10/4/24 9:09 AM,10/4/24 9:09 AM
94,Emily Flowers,kimberlywhite@example.org,$2b$10$e2kWX54o1Om1.S8PIXj4Be6mRtz7mFQheATL7RRJbSgoqigLVDhxq,EMPLOYEE,10/4/24 9:09 AM,10/4/24 9:09 AM
95,Lori Smith,megansosa@example.org,$2b$10$e2kWX54o1Om1.S8PIXj4Be6mRtz7mFQheATL7RRJbSgoqigLVDhxq,EMPLOYEE,10/4/24 9:09 AM,10/4/24 9:09 AM
96,Dawn Moore,toconnor@example.net,$2b$10$e2kWX54o1Om1.S8PIXj4Be6mRtz7mFQheATL7RRJbSgoqigLVDhxq,EMPLOYEE,10/4/24 9:09 AM,10/4/24 9:09 AM
97,Martha Wiley,thompsonkimberly@example.org,$2b$10$e2kWX54o1Om1.S8PIXj4Be6mRtz7mFQheATL7RRJbSgoqigLVDhxq,EMPLOYEE,10/4/24 9:09 AM,10/4/24 9:09 AM
98,Audrey Velez,porterbrittany@example.com,$2b$10$e2kWX54o1Om1.S8PIXj4Be6mRtz7mFQheATL7RRJbSgoqigLVDhxq,EMPLOYEE,10/4/24 9:09 AM,10/4/24 9:09 AM
99,Ryan Boyd,xsmith@example.org,$2b$10$e2kWX54o1Om1.S8PIXj4Be6mRtz7mFQheATL7RRJbSgoqigLVDhxq,EMPLOYEE,10/4/24 9:09 AM,10/4/24 9:09 AM
100,Christine Mata,kristine59@example.com,$2b$10$e2kWX54o1Om1.S8PIXj4Be6mRtz7mFQheATL7RRJbSgoqigLVDhxq,EMPLOYEE,10/4/24 9:09 AM,10/4/24 9:09 AM
101,Misty Burns,bruce40@example.net,$2b$10$e2kWX54o1Om1.S8PIXj4Be6mRtz7mFQheATL7RRJbSgoqigLVDhxq,EMPLOYEE,10/4/24 9:09 AM,10/4/24 9:09 AM
102,Tina Hunt,garciamichele@example.com,$2b$10$e2kWX54o1Om1.S8PIXj4Be6mRtz7mFQheATL7RRJbSgoqigLVDhxq,EMPLOYEE,10/4/24 9:09 AM,10/4/24 9:09 AM
103,Erica Higgins,weaverrichard@example.com,$2b$10$e2kWX54o1Om1.S8PIXj4Be6mRtz7mFQheATL7RRJbSgoqigLVDhxq,EMPLOYEE,10/4/24 9:09 AM,10/4/24 9:09 AM
104,Jason Proctor,kanderson@example.org,$2b$10$e2kWX54o1Om1.S8PIXj4Be6mRtz7mFQheATL7RRJbSgoqigLVDhxq,EMPLOYEE,10/4/24 9:09 AM,10/4/24 9:09 AM
105,Stacy Fisher,curtis34@example.net,$2b$10$e2kWX54o1Om1.S8PIXj4Be6mRtz7mFQheATL7RRJbSgoqigLVDhxq,EMPLOYEE,10/4/24 9:09 AM,10/4/24 9:09 AM
106,Laura Flores,fbrown@example.org,$2b$10$e2kWX54o1Om1.S8PIXj4Be6mRtz7mFQheATL7RRJbSgoqigLVDhxq,EMPLOYEE,10/4/24 9:09 AM,10/4/24 9:09 AM
107,Amy Wang,rachel92@example.org,$2b$10$e2kWX54o1Om1.S8PIXj4Be6mRtz7mFQheATL7RRJbSgoqigLVDhxq,EMPLOYEE,10/4/24 9:09 AM,10/4/24 9:09 AM
108,Lisa Mcdaniel,castromegan@example.net,$2b$10$e2kWX54o1Om1.S8PIXj4Be6mRtz7mFQheATL7RRJbSgoqigLVDhxq,EMPLOYEE,10/4/24 9:09 AM,10/4/24 9:09 AM
109,Jessica Huynh,tinamyers@example.com,$2b$10$e2kWX54o1Om1.S8PIXj4Be6mRtz7mFQheATL7RRJbSgoqigLVDhxq,EMPLOYEE,10/4/24 9:09 AM,10/4/24 9:09 AM
110,Megan Mclaughlin,kwashington@example.com,$2b$10$e2kWX54o1Om1.S8PIXj4Be6mRtz7mFQheATL7RRJbSgoqigLVDhxq,EMPLOYEE,10/4/24 9:09 AM,10/4/24 9:09 AM
111,Virginia West,zhanglaurie@example.net,$2b$10$e2kWX54o1Om1.S8PIXj4Be6mRtz7mFQheATL7RRJbSgoqigLVDhxq,EMPLOYEE,10/4/24 9:09 AM,10/4/24 9:09 AM
112,Matthew Jensen,richardsray@example.com,$2b$10$e2kWX54o1Om1.S8PIXj4Be6mRtz7mFQheATL7RRJbSgoqigLVDhxq,EMPLOYEE,10/4/24 9:09 AM,10/4/24 9:09 AM
113,Alexander Wilson,andradekaren@example.net,$2b$10$e2kWX54o1Om1.S8PIXj4Be6mRtz7mFQheATL7RRJbSgoqigLVDhxq,EMPLOYEE,10/4/24 9:09 AM,10/4/24 9:09 AM
114,Guy Mejia,kenneth28@example.net,$2b$10$e2kWX54o1Om1.S8PIXj4Be6mRtz7mFQheATL7RRJbSgoqigLVDhxq,EMPLOYEE,10/4/24 9:09 AM,10/4/24 9:09 AM
115,Ashley Williams,kristine30@example.net,$2b$10$e2kWX54o1Om1.S8PIXj4Be6mRtz7mFQheATL7RRJbSgoqigLVDhxq,EMPLOYEE,10/4/24 9:09 AM,10/4/24 9:09 AM
116,Christopher Hernandez,iriggs@example.com,$2b$10$e2kWX54o1Om1.S8PIXj4Be6mRtz7mFQheATL7RRJbSgoqigLVDhxq,EMPLOYEE,10/4/24 9:09 AM,10/4/24 9:09 AM
117,Chad Gutierrez,ifisher@example.com,$2b$10$e2kWX54o1Om1.S8PIXj4Be6mRtz7mFQheATL7RRJbSgoqigLVDhxq,EMPLOYEE,10/4/24 9:09 AM,10/4/24 9:09 AM
118,Mariah Sampson,heather20@example.net,$2b$10$e2kWX54o1Om1.S8PIXj4Be6mRtz7mFQheATL7RRJbSgoqigLVDhxq,EMPLOYEE,10/4/24 9:09 AM,10/4/24 9:09 AM
119,Amy Cooke,mitchellrivera@example.com,$2b$10$e2kWX54o1Om1.S8PIXj4Be6mRtz7mFQheATL7RRJbSgoqigLVDhxq,EMPLOYEE,10/4/24 9:09 AM,10/4/24 9:09 AM
120,Courtney Garner,oliviaramos@example.com,$2b$10$e2kWX54o1Om1.S8PIXj4Be6mRtz7mFQheATL7RRJbSgoqigLVDhxq,EMPLOYEE,10/4/24 9:09 AM,10/4/24 9:09 AM
121,Justin Austin,jordanmackenzie@example.net,$2b$10$e2kWX54o1Om1.S8PIXj4Be6mRtz7mFQheATL7RRJbSgoqigLVDhxq,EMPLOYEE,10/4/24 9:09 AM,10/4/24 9:09 AM
122,Michael Massey,matthew42@example.org,$2b$10$e2kWX54o1Om1.S8PIXj4Be6mRtz7mFQheATL7RRJbSgoqigLVDhxq,EMPLOYEE,10/4/24 9:09 AM,10/4/24 9:09 AM
123,Danielle Hall,wsmith@example.net,$2b$10$e2kWX54o1Om1.S8PIXj4Be6mRtz7mFQheATL7RRJbSgoqigLVDhxq,EMPLOYEE,10/4/24 9:09 AM,10/4/24 9:09 AM
124,David Rogers,allisonlivingston@example.com,$2b$10$e2kWX54o1Om1.S8PIXj4Be6mRtz7mFQheATL7RRJbSgoqigLVDhxq,EMPLOYEE,10/4/24 9:09 AM,10/4/24 9:09 AM
125,Bonnie Guerra,justin84@example.net,$2b$10$e2kWX54o1Om1.S8PIXj4Be6mRtz7mFQheATL7RRJbSgoqigLVDhxq,EMPLOYEE,10/4/24 9:09 AM,10/4/24 9:09 AM
126,Stephen Bond,juan86@example.net,$2b$10$e2kWX54o1Om1.S8PIXj4Be6mRtz7mFQheATL7RRJbSgoqigLVDhxq,EMPLOYEE,10/4/24 9:09 AM,10/4/24 9:09 AM
127,Jasmine Rivera,ponceamanda@example.com,$2b$10$e2kWX54o1Om1.S8PIXj4Be6mRtz7mFQheATL7RRJbSgoqigLVDhxq,EMPLOYEE,10/4/24 9:09 AM,10/4/24 9:09 AM
128,James Smith,bortiz@example.com,$2b$10$e2kWX54o1Om1.S8PIXj4Be6mRtz7mFQheATL7RRJbSgoqigLVDhxq,EMPLOYEE,10/4/24 9:09 AM,10/4/24 9:09 AM
129,Dustin Williams,courtneyolson@example.net,$2b$10$e2kWX54o1Om1.S8PIXj4Be6mRtz7mFQheATL7RRJbSgoqigLVDhxq,EMPLOYEE,10/4/24 9:09 AM,10/4/24 9:09 AM
130,Karen Hart,katrinamorgan@example.net,$2b$10$e2kWX54o1Om1.S8PIXj4Be6mRtz7mFQheATL7RRJbSgoqigLVDhxq,EMPLOYEE,10/4/24 9:09 AM,10/4/24 9:09 AM
131,Andrea Robinson,jason67@example.com,$2b$10$e2kWX54o1Om1.S8PIXj4Be6mRtz7mFQheATL7RRJbSgoqigLVDhxq,EMPLOYEE,10/4/24 9:09 AM,10/4/24 9:09 AM
132,John Robertson,christine12@example.com,$2b$10$e2kWX54o1Om1.S8PIXj4Be6mRtz7mFQheATL7RRJbSgoqigLVDhxq,EMPLOYEE,10/4/24 9:09 AM,10/4/24 9:09 AM
133,John Bennett,charles48@example.org,$2b$10$e2kWX54o1Om1.S8PIXj4Be6mRtz7mFQheATL7RRJbSgoqigLVDhxq,EMPLOYEE,10/4/24 9:09 AM,10/4/24 9:09 AM
134,Ian Garcia,ycampbell@example.com,$2b$10$e2kWX54o1Om1.S8PIXj4Be6mRtz7mFQheATL7RRJbSgoqigLVDhxq,EMPLOYEE,10/4/24 9:09 AM,10/4/24 9:09 AM
135,Michael Anderson,jessica70@example.net,$2b$10$e2kWX54o1Om1.S8PIXj4Be6mRtz7mFQheATL7RRJbSgoqigLVDhxq,EMPLOYEE,10/4/24 9:09 AM,10/4/24 9:09 AM
136,Cynthia Huynh,danabryant@example.net,$2b$10$e2kWX54o1Om1.S8PIXj4Be6mRtz7mFQheATL7RRJbSgoqigLVDhxq,EMPLOYEE,10/4/24 9:09 AM,10/4/24 9:09 AM
137,Kelly Pierce,scottgomez@example.org,$2b$10$e2kWX54o1Om1.S8PIXj4Be6mRtz7mFQheATL7RRJbSgoqigLVDhxq,EMPLOYEE,10/4/24 9:09 AM,10/4/24 9:09 AM
138,Tami Rice,ibaker@example.org,$2b$10$e2kWX54o1Om1.S8PIXj4Be6mRtz7mFQheATL7RRJbSgoqigLVDhxq,EMPLOYEE,10/4/24 9:09 AM,10/4/24 9:09 AM
139,Deborah Gordon,markdaniels@example.org,$2b$10$e2kWX54o1Om1.S8PIXj4Be6mRtz7mFQheATL7RRJbSgoqigLVDhxq,EMPLOYEE,10/4/24 9:09 AM,10/4/24 9:09 AM
140,Anna Taylor,bakerconnie@example.org,$2b$10$e2kWX54o1Om1.S8PIXj4Be6mRtz7mFQheATL7RRJbSgoqigLVDhxq,EMPLOYEE,10/4/24 9:09 AM,10/4/24 9:09 AM
141,James Hernandez,collierlaura@example.com,$2b$10$e2kWX54o1Om1.S8PIXj4Be6mRtz7mFQheATL7RRJbSgoqigLVDhxq,EMPLOYEE,10/4/24 9:09 AM,10/4/24 9:09 AM
142,Marie Mcclain,derek45@example.com,$2b$10$e2kWX54o1Om1.S8PIXj4Be6mRtz7mFQheATL7RRJbSgoqigLVDhxq,EMPLOYEE,10/4/24 9:09 AM,10/4/24 9:09 AM
143,Bridget White,ryanlong@example.net,$2b$10$e2kWX54o1Om1.S8PIXj4Be6mRtz7mFQheATL7RRJbSgoqigLVDhxq,EMPLOYEE,10/4/24 9:09 AM,10/4/24 9:09 AM
144,Katie Salazar,jennifer81@example.com,$2b$10$e2kWX54o1Om1.S8PIXj4Be6mRtz7mFQheATL7RRJbSgoqigLVDhxq,EMPLOYEE,10/4/24 9:09 AM,10/4/24 9:09 AM
145,Kelly Williams,michael52@example.com,$2b$10$e2kWX54o1Om1.S8PIXj4Be6mRtz7mFQheATL7RRJbSgoqigLVDhxq,EMPLOYEE,10/4/24 9:09 AM,10/4/24 9:09 AM
146,Bobby Bryant,patrickford@example.org,$2b$10$e2kWX54o1Om1.S8PIXj4Be6mRtz7mFQheATL7RRJbSgoqigLVDhxq,EMPLOYEE,10/4/24 9:09 AM,10/4/24 9:09 AM
147,Stephen West Jr.,gonzalezjennifer@example.net,$2b$10$e2kWX54o1Om1.S8PIXj4Be6mRtz7mFQheATL7RRJbSgoqigLVDhxq,EMPLOYEE,10/4/24 9:09 AM,10/4/24 9:09 AM
148,Janet Schultz,jacksonclaudia@example.net,$2b$10$e2kWX54o1Om1.S8PIXj4Be6mRtz7mFQheATL7RRJbSgoqigLVDhxq,EMPLOYEE,10/4/24 9:09 AM,10/4/24 9:09 AM
149,Meagan Hudson,yvonne69@example.org,$2b$10$e2kWX54o1Om1.S8PIXj4Be6mRtz7mFQheATL7RRJbSgoqigLVDhxq,EMPLOYEE,10/4/24 9:09 AM,10/4/24 9:09 AM
150,William Taylor,david96@example.org,$2b$10$e2kWX54o1Om1.S8PIXj4Be6mRtz7mFQheATL7RRJbSgoqigLVDhxq,EMPLOYEE,10/4/24 9:09 AM,10/4/24 9:09 AM
151,Ernest Flores,corylynn@example.net,$2b$10$e2kWX54o1Om1.S8PIXj4Be6mRtz7mFQheATL7RRJbSgoqigLVDhxq,EMPLOYEE,10/4/24 9:09 AM,10/4/24 9:09 AM
152,Robin Mullins,wellis@example.org,$2b$10$e2kWX54o1Om1.S8PIXj4Be6mRtz7mFQheATL7RRJbSgoqigLVDhxq,EMPLOYEE,10/4/24 9:09 AM,10/4/24 9:09 AM
153,Paul Alexander,mark03@example.net,$2b$10$e2kWX54o1Om1.S8PIXj4Be6mRtz7mFQheATL7RRJbSgoqigLVDhxq,EMPLOYEE,10/4/24 9:09 AM,10/4/24 9:09 AM
154,James Perez,carneyjames@example.com,$2b$10$e2kWX54o1Om1.S8PIXj4Be6mRtz7mFQheATL7RRJbSgoqigLVDhxq,EMPLOYEE,10/4/24 9:09 AM,10/4/24 9:09 AM
155,Brandon Green,hallkathryn@example.com,$2b$10$e2kWX54o1Om1.S8PIXj4Be6mRtz7mFQheATL7RRJbSgoqigLVDhxq,EMPLOYEE,10/4/24 9:09 AM,10/4/24 9:09 AM
156,Michael Norton,amy14@example.com,$2b$10$e2kWX54o1Om1.S8PIXj4Be6mRtz7mFQheATL7RRJbSgoqigLVDhxq,EMPLOYEE,10/4/24 9:09 AM,10/4/24 9:09 AM
157,Richard Hernandez,jacqueline18@example.com,$2b$10$e2kWX54o1Om1.S8PIXj4Be6mRtz7mFQheATL7RRJbSgoqigLVDhxq,EMPLOYEE,10/4/24 9:09 AM,10/4/24 9:09 AM
158,Michelle Stevens,hannahnewton@example.com,$2b$10$e2kWX54o1Om1.S8PIXj4Be6mRtz7mFQheATL7RRJbSgoqigLVDhxq,EMPLOYEE,10/4/24 9:09 AM,10/4/24 9:09 AM
159,Mark Jones,fmiller@example.com,$2b$10$e2kWX54o1Om1.S8PIXj4Be6mRtz7mFQheATL7RRJbSgoqigLVDhxq,EMPLOYEE,10/4/24 9:09 AM,10/4/24 9:09 AM
160,Michael Maxwell,danielle81@example.com,$2b$10$e2kWX54o1Om1.S8PIXj4Be6mRtz7mFQheATL7RRJbSgoqigLVDhxq,EMPLOYEE,10/4/24 9:09 AM,10/4/24 9:09 AM
161,Jordan Burgess,alvarezmary@example.com,$2b$10$e2kWX54o1Om1.S8PIXj4Be6mRtz7mFQheATL7RRJbSgoqigLVDhxq,EMPLOYEE,10/4/24 9:09 AM,10/4/24 9:09 AM
162,Brenda Jordan,lisa39@example.net,$2b$10$e2kWX54o1Om1.S8PIXj4Be6mRtz7mFQheATL7RRJbSgoqigLVDhxq,EMPLOYEE,10/4/24 9:09 AM,10/4/24 9:09 AM
163,Terry Smith,fmoyer@example.org,$2b$10$e2kWX54o1Om1.S8PIXj4Be6mRtz7mFQheATL7RRJbSgoqigLVDhxq,EMPLOYEE,10/4/24 9:09 AM,10/4/24 9:09 AM
164,Misty Hines,sharonjackson@example.net,$2b$10$e2kWX54o1Om1.S8PIXj4Be6mRtz7mFQheATL7RRJbSgoqigLVDhxq,EMPLOYEE,10/4/24 9:09 AM,10/4/24 9:09 AM
165,Ryan Norris,diana82@example.net,$2b$10$e2kWX54o1Om1.S8PIXj4Be6mRtz7mFQheATL7RRJbSgoqigLVDhxq,EMPLOYEE,10/4/24 9:09 AM,10/4/24 9:09 AM
166,Lucas Martinez,ntaylor@example.org,$2b$10$e2kWX54o1Om1.S8PIXj4Be6mRtz7mFQheATL7RRJbSgoqigLVDhxq,EMPLOYEE,10/4/24 9:09 AM,10/4/24 9:09 AM
167,Catherine Wyatt,alisonallen@example.org,$2b$10$e2kWX54o1Om1.S8PIXj4Be6mRtz7mFQheATL7RRJbSgoqigLVDhxq,EMPLOYEE,10/4/24 9:09 AM,10/4/24 9:09 AM
168,Christina Lynch,wesleycarroll@example.com,$2b$10$e2kWX54o1Om1.S8PIXj4Be6mRtz7mFQheATL7RRJbSgoqigLVDhxq,EMPLOYEE,10/4/24 9:09 AM,10/4/24 9:09 AM
169,Debra Snyder,aaron89@example.org,$2b$10$e2kWX54o1Om1.S8PIXj4Be6mRtz7mFQheATL7RRJbSgoqigLVDhxq,EMPLOYEE,10/4/24 9:09 AM,10/4/24 9:09 AM
170,Shelby Graves,uchristensen@example.net,$2b$10$e2kWX54o1Om1.S8PIXj4Be6mRtz7mFQheATL7RRJbSgoqigLVDhxq,EMPLOYEE,10/4/24 9:09 AM,10/4/24 9:09 AM
171,Scott White DDS,pittsjustin@example.org,$2b$10$e2kWX54o1Om1.S8PIXj4Be6mRtz7mFQheATL7RRJbSgoqigLVDhxq,EMPLOYEE,10/4/24 9:09 AM,10/4/24 9:09 AM
172,Robert Young DDS,karenmeyer@example.com,$2b$10$e2kWX54o1Om1.S8PIXj4Be6mRtz7mFQheATL7RRJbSgoqigLVDhxq,EMPLOYEE,10/4/24 9:09 AM,10/4/24 9:09 AM
173,Amanda Quinn,robert20@example.net,$2b$10$e2kWX54o1Om1.S8PIXj4Be6mRtz7mFQheATL7RRJbSgoqigLVDhxq,EMPLOYEE,10/4/24 9:09 AM,10/4/24 9:09 AM
174,Amber Bell,smithamanda@example.net,$2b$10$e2kWX54o1Om1.S8PIXj4Be6mRtz7mFQheATL7RRJbSgoqigLVDhxq,EMPLOYEE,10/4/24 9:09 AM,10/4/24 9:09 AM
175,Steven White,blevinsryan@example.org,$2b$10$e2kWX54o1Om1.S8PIXj4Be6mRtz7mFQheATL7RRJbSgoqigLVDhxq,EMPLOYEE,10/4/24 9:09 AM,10/4/24 9:09 AM
176,Greg Hicks,mmills@example.com,$2b$10$e2kWX54o1Om1.S8PIXj4Be6mRtz7mFQheATL7RRJbSgoqigLVDhxq,EMPLOYEE,10/4/24 9:09 AM,10/4/24 9:09 AM
177,Valerie Rodriguez,maryking@example.com,$2b$10$e2kWX54o1Om1.S8PIXj4Be6mRtz7mFQheATL7RRJbSgoqigLVDhxq,EMPLOYEE,10/4/24 9:09 AM,10/4/24 9:09 AM
178,Catherine Lin,qdunn@example.org,$2b$10$e2kWX54o1Om1.S8PIXj4Be6mRtz7mFQheATL7RRJbSgoqigLVDhxq,EMPLOYEE,10/4/24 9:09 AM,10/4/24 9:09 AM
179,Jennifer Thompson,koliver@example.org,$2b$10$e2kWX54o1Om1.S8PIXj4Be6mRtz7mFQheATL7RRJbSgoqigLVDhxq,EMPLOYEE,10/4/24 9:09 AM,10/4/24 9:09 AM
180,Ruth Harris,vrojas@example.net,$2b$10$e2kWX54o1Om1.S8PIXj4Be6mRtz7mFQheATL7RRJbSgoqigLVDhxq,EMPLOYEE,10/4/24 9:09 AM,10/4/24 9:09 AM
181,David Washington,robyn29@example.com,$2b$10$e2kWX54o1Om1.S8PIXj4Be6mRtz7mFQheATL7RRJbSgoqigLVDhxq,EMPLOYEE,10/4/24 9:09 AM,10/4/24 9:09 AM
182,Antonio Lee,dustin18@example.net,$2b$10$e2kWX54o1Om1.S8PIXj4Be6mRtz7mFQheATL7RRJbSgoqigLVDhxq,EMPLOYEE,10/4/24 9:09 AM,10/4/24 9:09 AM
183,Justin Martin,lisa07@example.org,$2b$10$e2kWX54o1Om1.S8PIXj4Be6mRtz7mFQheATL7RRJbSgoqigLVDhxq,EMPLOYEE,10/4/24 9:09 AM,10/4/24 9:09 AM
184,Allen Shannon,quinnstacey@example.org,$2b$10$e2kWX54o1Om1.S8PIXj4Be6mRtz7mFQheATL7RRJbSgoqigLVDhxq,EMPLOYEE,10/4/24 9:09 AM,10/4/24 9:09 AM
185,April Mejia,briankelley@example.org,$2b$10$e2kWX54o1Om1.S8PIXj4Be6mRtz7mFQheATL7RRJbSgoqigLVDhxq,EMPLOYEE,10/4/24 9:09 AM,10/4/24 9:09 AM
186,Bruce Swanson,johnsonbenjamin@example.net,$2b$10$e2kWX54o1Om1.S8PIXj4Be6mRtz7mFQheATL7RRJbSgoqigLVDhxq,EMPLOYEE,10/4/24 9:09 AM,10/4/24 9:09 AM
187,Annette Howell,jonesjohn@example.com,$2b$10$e2kWX54o1Om1.S8PIXj4Be6mRtz7mFQheATL7RRJbSgoqigLVDhxq,EMPLOYEE,10/4/24 9:09 AM,10/4/24 9:09 AM
188,Edward Wheeler,halexander@example.org,$2b$10$e2kWX54o1Om1.S8PIXj4Be6mRtz7mFQheATL7RRJbSgoqigLVDhxq,EMPLOYEE,10/4/24 9:09 AM,10/4/24 9:09 AM
189,Debra Bauer,williamsmelvin@example.org,$2b$10$e2kWX54o1Om1.S8PIXj4Be6mRtz7mFQheATL7RRJbSgoqigLVDhxq,EMPLOYEE,10/4/24 9:09 AM,10/4/24 9:09 AM
190,Teresa Estes,bonilladerek@example.org,$2b$10$e2kWX54o1Om1.S8PIXj4Be6mRtz7mFQheATL7RRJbSgoqigLVDhxq,EMPLOYEE,10/4/24 9:09 AM,10/4/24 9:09 AM
191,Maurice Davis DDS,jesus31@example.org,$2b$10$e2kWX54o1Om1.S8PIXj4Be6mRtz7mFQheATL7RRJbSgoqigLVDhxq,EMPLOYEE,10/4/24 9:09 AM,10/4/24 9:09 AM
192,Dennis Green,michaelperez@example.net,$2b$10$e2kWX54o1Om1.S8PIXj4Be6mRtz7mFQheATL7RRJbSgoqigLVDhxq,EMPLOYEE,10/4/24 9:09 AM,10/4/24 9:09 AM
193,Robert Gonzalez,gguzman@example.net,$2b$10$e2kWX54o1Om1.S8PIXj4Be6mRtz7mFQheATL7RRJbSgoqigLVDhxq,EMPLOYEE,10/4/24 9:09 AM,10/4/24 9:09 AM
194,Brittany Hampton,davidknight@example.net,$2b$10$e2kWX54o1Om1.S8PIXj4Be6mRtz7mFQheATL7RRJbSgoqigLVDhxq,EMPLOYEE,10/4/24 9:09 AM,10/4/24 9:09 AM
195,Jeffrey Morgan,dianadaniel@example.net,$2b$10$e2kWX54o1Om1.S8PIXj4Be6mRtz7mFQheATL7RRJbSgoqigLVDhxq,EMPLOYEE,10/4/24 9:09 AM,10/4/24 9:09 AM
196,Monique Perry,brandon89@example.net,$2b$10$e2kWX54o1Om1.S8PIXj4Be6mRtz7mFQheATL7RRJbSgoqigLVDhxq,EMPLOYEE,10/4/24 9:09 AM,10/4/24 9:09 AM
197,Chad Martinez,taylorchelsea@example.org,$2b$10$e2kWX54o1Om1.S8PIXj4Be6mRtz7mFQheATL7RRJbSgoqigLVDhxq,EMPLOYEE,10/4/24 9:09 AM,10/4/24 9:09 AM
198,Dakota Nelson,patricia71@example.net,$2b$10$e2kWX54o1Om1.S8PIXj4Be6mRtz7mFQheATL7RRJbSgoqigLVDhxq,EMPLOYEE,10/4/24 9:09 AM,10/4/24 9:09 AM
199,Rachael Gonzales,thompsoncatherine@example.com,$2b$10$e2kWX54o1Om1.S8PIXj4Be6mRtz7mFQheATL7RRJbSgoqigLVDhxq,EMPLOYEE,10/4/24 9:09 AM,10/4/24 9:09 AM
200,Marcus Olson,jreeves@example.org,$2b$10$e2kWX54o1Om1.S8PIXj4Be6mRtz7mFQheATL7RRJbSgoqigLVDhxq,EMPLOYEE,10/4/24 9:09 AM,10/4/24 9:09 AM
201,Thomas Navarro,qbradley@example.net,$2b$10$e2kWX54o1Om1.S8PIXj4Be6mRtz7mFQheATL7RRJbSgoqigLVDhxq,EMPLOYEE,10/4/24 9:09 AM,10/4/24 9:09 AM
202,Andrea Castillo,connor44@example.net,$2b$10$e2kWX54o1Om1.S8PIXj4Be6mRtz7mFQheATL7RRJbSgoqigLVDhxq,EMPLOYEE,10/4/24 9:09 AM,10/4/24 9:09 AM
203,Cynthia Waller,gdavis@example.net,$2b$10$e2kWX54o1Om1.S8PIXj4Be6mRtz7mFQheATL7RRJbSgoqigLVDhxq,EMPLOYEE,10/4/24 9:09 AM,10/4/24 9:09 AM
204,Miss Jill Robbins,tammy38@example.com,$2b$10$e2kWX54o1Om1.S8PIXj4Be6mRtz7mFQheATL7RRJbSgoqigLVDhxq,EMPLOYEE,10/4/24 9:09 AM,10/4/24 9:09 AM
205,Anthony Burton,wilsonjay@example.com,$2b$10$e2kWX54o1Om1.S8PIXj4Be6mRtz7mFQheATL7RRJbSgoqigLVDhxq,EMPLOYEE,10/4/24 9:09 AM,10/4/24 9:09 AM
206,Kimberly Wilson,karenmooney@example.com,$2b$10$e2kWX54o1Om1.S8PIXj4Be6mRtz7mFQheATL7RRJbSgoqigLVDhxq,EMPLOYEE,10/4/24 9:09 AM,10/4/24 9:09 AM
207,Joseph Hernandez,mollywillis@example.org,$2b$10$e2kWX54o1Om1.S8PIXj4Be6mRtz7mFQheATL7RRJbSgoqigLVDhxq,EMPLOYEE,10/4/24 9:09 AM,10/4/24 9:09 AM
208,Allison Thompson,wyatthaley@example.com,$2b$10$e2kWX54o1Om1.S8PIXj4Be6mRtz7mFQheATL7RRJbSgoqigLVDhxq,EMPLOYEE,10/4/24 9:09 AM,10/4/24 9:09 AM
209,Mr. Christopher Wilson,gregoryware@example.org,$2b$10$e2kWX54o1Om1.S8PIXj4Be6mRtz7mFQheATL7RRJbSgoqigLVDhxq,EMPLOYEE,10/4/24 9:09 AM,10/4/24 9:09 AM
210,Carrie Smith,connielove@example.net,$2b$10$e2kWX54o1Om1.S8PIXj4Be6mRtz7mFQheATL7RRJbSgoqigLVDhxq,EMPLOYEE,10/4/24 9:09 AM,10/4/24 9:09 AM
211,Alicia Wall,lharris@example.com,$2b$10$e2kWX54o1Om1.S8PIXj4Be6mRtz7mFQheATL7RRJbSgoqigLVDhxq,EMPLOYEE,10/4/24 9:09 AM,10/4/24 9:09 AM
212,Melissa Little PhD,ashley95@example.org,$2b$10$e2kWX54o1Om1.S8PIXj4Be6mRtz7mFQheATL7RRJbSgoqigLVDhxq,EMPLOYEE,10/4/24 9:09 AM,10/4/24 9:09 AM
213,Cassandra Jefferson,kimberlyjones@example.com,$2b$10$e2kWX54o1Om1.S8PIXj4Be6mRtz7mFQheATL7RRJbSgoqigLVDhxq,EMPLOYEE,10/4/24 9:09 AM,10/4/24 9:09 AM
214,Leslie Parks,antonio79@example.net,$2b$10$e2kWX54o1Om1.S8PIXj4Be6mRtz7mFQheATL7RRJbSgoqigLVDhxq,EMPLOYEE,10/4/24 9:09 AM,10/4/24 9:09 AM
215,Matthew Beck,jenniferbell@example.net,$2b$10$e2kWX54o1Om1.S8PIXj4Be6mRtz7mFQheATL7RRJbSgoqigLVDhxq,EMPLOYEE,10/4/24 9:09 AM,10/4/24 9:09 AM
216,David Jones,hernandezbeverly@example.org,$2b$10$e2kWX54o1Om1.S8PIXj4Be6mRtz7mFQheATL7RRJbSgoqigLVDhxq,EMPLOYEE,10/4/24 9:09 AM,10/4/24 9:09 AM
217,Thomas Russo,wpaul@example.net,$2b$10$e2kWX54o1Om1.S8PIXj4Be6mRtz7mFQheATL7RRJbSgoqigLVDhxq,EMPLOYEE,10/4/24 9:09 AM,10/4/24 9:09 AM
218,Holly Ross,khannicolas@example.net,$2b$10$e2kWX54o1Om1.S8PIXj4Be6mRtz7mFQheATL7RRJbSgoqigLVDhxq,EMPLOYEE,10/4/24 9:09 AM,10/4/24 9:09 AM
219,Rose Smith,dgardner@example.net,$2b$10$e2kWX54o1Om1.S8PIXj4Be6mRtz7mFQheATL7RRJbSgoqigLVDhxq,EMPLOYEE,10/4/24 9:09 AM,10/4/24 9:09 AM
220,Phillip Duke,adamsbenjamin@example.net,$2b$10$e2kWX54o1Om1.S8PIXj4Be6mRtz7mFQheATL7RRJbSgoqigLVDhxq,EMPLOYEE,10/4/24 9:09 AM,10/4/24 9:09 AM
221,Stephanie Carroll,sandra61@example.net,$2b$10$e2kWX54o1Om1.S8PIXj4Be6mRtz7mFQheATL7RRJbSgoqigLVDhxq,EMPLOYEE,10/4/24 9:09 AM,10/4/24 9:09 AM
222,Mark Hale,ddaniels@example.com,$2b$10$e2kWX54o1Om1.S8PIXj4Be6mRtz7mFQheATL7RRJbSgoqigLVDhxq,EMPLOYEE,10/4/24 9:09 AM,10/4/24 9:09 AM
223,Roberta Sampson,kimberly59@example.org,$2b$10$e2kWX54o1Om1.S8PIXj4Be6mRtz7mFQheATL7RRJbSgoqigLVDhxq,EMPLOYEE,10/4/24 9:09 AM,10/4/24 9:09 AM
224,Erica Munoz,erika65@example.com,$2b$10$e2kWX54o1Om1.S8PIXj4Be6mRtz7mFQheATL7RRJbSgoqigLVDhxq,EMPLOYEE,10/4/24 9:09 AM,10/4/24 9:09 AM
225,Jamie Davis,lisa20@example.net,$2b$10$e2kWX54o1Om1.S8PIXj4Be6mRtz7mFQheATL7RRJbSgoqigLVDhxq,EMPLOYEE,10/4/24 9:09 AM,10/4/24 9:09 AM
226,Sheila Ortiz,snyderjoshua@example.com,$2b$10$e2kWX54o1Om1.S8PIXj4Be6mRtz7mFQheATL7RRJbSgoqigLVDhxq,EMPLOYEE,10/4/24 9:09 AM,10/4/24 9:09 AM
227,Charles Kennedy,woodjorge@example.org,$2b$10$e2kWX54o1Om1.S8PIXj4Be6mRtz7mFQheATL7RRJbSgoqigLVDhxq,EMPLOYEE,10/4/24 9:09 AM,10/4/24 9:09 AM
228,Erin Smith,blairnicholas@example.org,$2b$10$e2kWX54o1Om1.S8PIXj4Be6mRtz7mFQheATL7RRJbSgoqigLVDhxq,EMPLOYEE,10/4/24 9:09 AM,10/4/24 9:09 AM
229,Dakota Baker,lopezisabella@example.com,$2b$10$e2kWX54o1Om1.S8PIXj4Be6mRtz7mFQheATL7RRJbSgoqigLVDhxq,EMPLOYEE,10/4/24 9:09 AM,10/4/24 9:09 AM
230,Patrick Macdonald,williamwright@example.net,$2b$10$e2kWX54o1Om1.S8PIXj4Be6mRtz7mFQheATL7RRJbSgoqigLVDhxq,EMPLOYEE,10/4/24 9:09 AM,10/4/24 9:09 AM
231,Mark Castillo,ashley82@example.com,$2b$10$e2kWX54o1Om1.S8PIXj4Be6mRtz7mFQheATL7RRJbSgoqigLVDhxq,EMPLOYEE,10/4/24 9:09 AM,10/4/24 9:09 AM
232,Zachary Nguyen,rcole@example.net,$2b$10$e2kWX54o1Om1.S8PIXj4Be6mRtz7mFQheATL7RRJbSgoqigLVDhxq,EMPLOYEE,10/4/24 9:09 AM,10/4/24 9:09 AM
233,Jessica Crawford,kathleen58@example.com,$2b$10$e2kWX54o1Om1.S8PIXj4Be6mRtz7mFQheATL7RRJbSgoqigLVDhxq,EMPLOYEE,10/4/24 9:09 AM,10/4/24 9:09 AM
234,Megan Logan,adkinsjeremiah@example.org,$2b$10$e2kWX54o1Om1.S8PIXj4Be6mRtz7mFQheATL7RRJbSgoqigLVDhxq,EMPLOYEE,10/4/24 9:09 AM,10/4/24 9:09 AM
235,Eric Glover,lisasmith@example.org,$2b$10$e2kWX54o1Om1.S8PIXj4Be6mRtz7mFQheATL7RRJbSgoqigLVDhxq,EMPLOYEE,10/4/24 9:09 AM,10/4/24 9:09 AM
236,Tanya Sutton,welcherica@example.org,$2b$10$e2kWX54o1Om1.S8PIXj4Be6mRtz7mFQheATL7RRJbSgoqigLVDhxq,EMPLOYEE,10/4/24 9:09 AM,10/4/24 9:09 AM
237,Charles Crawford,jasmine21@example.com,$2b$10$e2kWX54o1Om1.S8PIXj4Be6mRtz7mFQheATL7RRJbSgoqigLVDhxq,EMPLOYEE,10/4/24 9:09 AM,10/4/24 9:09 AM
238,Julie Holland,qshaw@example.com,$2b$10$e2kWX54o1Om1.S8PIXj4Be6mRtz7mFQheATL7RRJbSgoqigLVDhxq,EMPLOYEE,10/4/24 9:09 AM,10/4/24 9:09 AM
239,Cindy Daniels,gmiller@example.org,$2b$10$e2kWX54o1Om1.S8PIXj4Be6mRtz7mFQheATL7RRJbSgoqigLVDhxq,EMPLOYEE,10/4/24 9:09 AM,10/4/24 9:09 AM
240,Douglas Vazquez,nicholstroy@example.net,$2b$10$e2kWX54o1Om1.S8PIXj4Be6mRtz7mFQheATL7RRJbSgoqigLVDhxq,EMPLOYEE,10/4/24 9:09 AM,10/4/24 9:09 AM
241,Lisa Wiggins,keithdana@example.org,$2b$10$e2kWX54o1Om1.S8PIXj4Be6mRtz7mFQheATL7RRJbSgoqigLVDhxq,EMPLOYEE,10/4/24 9:09 AM,10/4/24 9:09 AM
242,Christine Lee,qdavis@example.net,$2b$10$e2kWX54o1Om1.S8PIXj4Be6mRtz7mFQheATL7RRJbSgoqigLVDhxq,EMPLOYEE,10/4/24 9:09 AM,10/4/24 9:09 AM
243,Jonathan Carpenter,jacksonchristopher@example.com,$2b$10$e2kWX54o1Om1.S8PIXj4Be6mRtz7mFQheATL7RRJbSgoqigLVDhxq,EMPLOYEE,10/4/24 9:09 AM,10/4/24 9:09 AM
244,Lisa Hanson,jennifer27@example.org,$2b$10$e2kWX54o1Om1.S8PIXj4Be6mRtz7mFQheATL7RRJbSgoqigLVDhxq,EMPLOYEE,10/4/24 9:09 AM,10/4/24 9:09 AM
245,Edgar Garcia,wardgregory@example.org,$2b$10$e2kWX54o1Om1.S8PIXj4Be6mRtz7mFQheATL7RRJbSgoqigLVDhxq,EMPLOYEE,10/4/24 9:09 AM,10/4/24 9:09 AM
246,Roger Baker,kathleenbrown@example.com,$2b$10$e2kWX54o1Om1.S8PIXj4Be6mRtz7mFQheATL7RRJbSgoqigLVDhxq,EMPLOYEE,10/4/24 9:09 AM,10/4/24 9:09 AM
247,Tammy Cross,cruzroy@example.com,$2b$10$e2kWX54o1Om1.S8PIXj4Be6mRtz7mFQheATL7RRJbSgoqigLVDhxq,EMPLOYEE,10/4/24 9:09 AM,10/4/24 9:09 AM
248,Hannah Cross,kristinsmith@example.net,$2b$10$e2kWX54o1Om1.S8PIXj4Be6mRtz7mFQheATL7RRJbSgoqigLVDhxq,EMPLOYEE,10/4/24 9:09 AM,10/4/24 9:09 AM
249,James Peterson,christopher95@example.org,$2b$10$e2kWX54o1Om1.S8PIXj4Be6mRtz7mFQheATL7RRJbSgoqigLVDhxq,EMPLOYEE,10/4/24 9:09 AM,10/4/24 9:09 AM
250,Randy Gray,barnesmeghan@example.net,$2b$10$e2kWX54o1Om1.S8PIXj4Be6mRtz7mFQheATL7RRJbSgoqigLVDhxq,EMPLOYEE,10/4/24 9:09 AM,10/4/24 9:09 AM
251,Jennifer Lutz,michael66@example.com,$2b$10$e2kWX54o1Om1.S8PIXj4Be6mRtz7mFQheATL7RRJbSgoqigLVDhxq,EMPLOYEE,10/4/24 9:09 AM,10/4/24 9:09 AM
252,Dr. Hunter Woodard,angela28@example.com,$2b$10$e2kWX54o1Om1.S8PIXj4Be6mRtz7mFQheATL7RRJbSgoqigLVDhxq,EMPLOYEE,10/4/24 9:09 AM,10/4/24 9:09 AM
253,Sandra Johnson,gphillips@example.com,$2b$10$e2kWX54o1Om1.S8PIXj4Be6mRtz7mFQheATL7RRJbSgoqigLVDhxq,EMPLOYEE,10/4/24 9:09 AM,10/4/24 9:09 AM
254,Jacob Waller,danajones@example.net,$2b$10$e2kWX54o1Om1.S8PIXj4Be6mRtz7mFQheATL7RRJbSgoqigLVDhxq,EMPLOYEE,10/4/24 9:09 AM,10/4/24 9:09 AM
255,Theresa Schneider,andrew71@example.com,$2b$10$e2kWX54o1Om1.S8PIXj4Be6mRtz7mFQheATL7RRJbSgoqigLVDhxq,EMPLOYEE,10/4/24 9:09 AM,10/4/24 9:09 AM
256,Austin Joyce,steven16@example.net,$2b$10$e2kWX54o1Om1.S8PIXj4Be6mRtz7mFQheATL7RRJbSgoqigLVDhxq,EMPLOYEE,10/4/24 9:09 AM,10/4/24 9:09 AM
257,Shelly Castro,wendywood@example.net,$2b$10$e2kWX54o1Om1.S8PIXj4Be6mRtz7mFQheATL7RRJbSgoqigLVDhxq,EMPLOYEE,10/4/24 9:09 AM,10/4/24 9:09 AM
258,Thomas Villanueva,colemanjohn@example.org,$2b$10$e2kWX54o1Om1.S8PIXj4Be6mRtz7mFQheATL7RRJbSgoqigLVDhxq,EMPLOYEE,10/4/24 9:09 AM,10/4/24 9:09 AM
259,Taylor Perkins,norrislisa@example.org,$2b$10$e2kWX54o1Om1.S8PIXj4Be6mRtz7mFQheATL7RRJbSgoqigLVDhxq,EMPLOYEE,10/4/24 9:09 AM,10/4/24 9:09 AM
260,Kyle Simpson,carloshayes@example.com,$2b$10$e2kWX54o1Om1.S8PIXj4Be6mRtz7mFQheATL7RRJbSgoqigLVDhxq,EMPLOYEE,10/4/24 9:09 AM,10/4/24 9:09 AM
261,Melissa Burch,zcruz@example.com,$2b$10$e2kWX54o1Om1.S8PIXj4Be6mRtz7mFQheATL7RRJbSgoqigLVDhxq,EMPLOYEE,10/4/24 9:09 AM,10/4/24 9:09 AM
262,Katherine Gonzalez,sandovalmaria@example.com,$2b$10$e2kWX54o1Om1.S8PIXj4Be6mRtz7mFQheATL7RRJbSgoqigLVDhxq,EMPLOYEE,10/4/24 9:09 AM,10/4/24 9:09 AM
263,Eric Nelson,jray@example.org,$2b$10$e2kWX54o1Om1.S8PIXj4Be6mRtz7mFQheATL7RRJbSgoqigLVDhxq,EMPLOYEE,10/4/24 9:09 AM,10/4/24 9:09 AM
264,William Ortiz,oreyes@example.net,$2b$10$e2kWX54o1Om1.S8PIXj4Be6mRtz7mFQheATL7RRJbSgoqigLVDhxq,EMPLOYEE,10/4/24 9:09 AM,10/4/24 9:09 AM
265,Haley Blackwell,kenneth49@example.org,$2b$10$e2kWX54o1Om1.S8PIXj4Be6mRtz7mFQheATL7RRJbSgoqigLVDhxq,EMPLOYEE,10/4/24 9:09 AM,10/4/24 9:09 AM
266,Patrick Orozco,oburns@example.com,$2b$10$e2kWX54o1Om1.S8PIXj4Be6mRtz7mFQheATL7RRJbSgoqigLVDhxq,EMPLOYEE,10/4/24 9:09 AM,10/4/24 9:09 AM
267,Marc Abbott,matthew21@example.net,$2b$10$e2kWX54o1Om1.S8PIXj4Be6mRtz7mFQheATL7RRJbSgoqigLVDhxq,EMPLOYEE,10/4/24 9:09 AM,10/4/24 9:09 AM
268,Martha Dennis,christophercastillo@example.com,$2b$10$e2kWX54o1Om1.S8PIXj4Be6mRtz7mFQheATL7RRJbSgoqigLVDhxq,ADMIN,10/4/24 9:09 AM,10/4/24 9:09 AM
269,Michael Morgan,kathryn02@example.com,$2b$10$e2kWX54o1Om1.S8PIXj4Be6mRtz7mFQheATL7RRJbSgoqigLVDhxq,EMPLOYEE,10/4/24 9:09 AM,10/4/24 9:09 AM
270,Matthew Thompson,douglas30@example.com,$2b$10$e2kWX54o1Om1.S8PIXj4Be6mRtz7mFQheATL7RRJbSgoqigLVDhxq,EMPLOYEE,10/4/24 9:09 AM,10/4/24 9:09 AM
271,Kevin Larsen,amy34@example.org,$2b$10$e2kWX54o1Om1.S8PIXj4Be6mRtz7mFQheATL7RRJbSgoqigLVDhxq,EMPLOYEE,10/4/24 9:09 AM,10/4/24 9:09 AM
272,Brandon Hamilton,andreaperez@example.org,$2b$10$e2kWX54o1Om1.S8PIXj4Be6mRtz7mFQheATL7RRJbSgoqigLVDhxq,EMPLOYEE,10/4/24 9:09 AM,10/4/24 9:09 AM
273,Derrick Noble,hornjoshua@example.com,$2b$10$e2kWX54o1Om1.S8PIXj4Be6mRtz7mFQheATL7RRJbSgoqigLVDhxq,EMPLOYEE,10/4/24 9:09 AM,10/4/24 9:09 AM
274,Madison Davis,destinydavis@example.com,$2b$10$e2kWX54o1Om1.S8PIXj4Be6mRtz7mFQheATL7RRJbSgoqigLVDhxq,EMPLOYEE,10/4/24 9:09 AM,10/4/24 9:09 AM
275,Samuel Andrews,maciastina@example.org,$2b$10$e2kWX54o1Om1.S8PIXj4Be6mRtz7mFQheATL7RRJbSgoqigLVDhxq,EMPLOYEE,10/4/24 9:09 AM,10/4/24 9:09 AM
276,Carl Gomez,zandrews@example.net,$2b$10$e2kWX54o1Om1.S8PIXj4Be6mRtz7mFQheATL7RRJbSgoqigLVDhxq,EMPLOYEE,10/4/24 9:09 AM,10/4/24 9:09 AM
277,Javier Adams,griffinscott@example.net,$2b$10$e2kWX54o1Om1.S8PIXj4Be6mRtz7mFQheATL7RRJbSgoqigLVDhxq,ADMIN,10/4/24 9:09 AM,10/4/24 9:09 AM
278,Patricia Jones,aaron80@example.net,$2b$10$e2kWX54o1Om1.S8PIXj4Be6mRtz7mFQheATL7RRJbSgoqigLVDhxq,EMPLOYEE,10/4/24 9:09 AM,10/4/24 9:09 AM
279,Susan Kelley,gallegosjoseph@example.com,$2b$10$e2kWX54o1Om1.S8PIXj4Be6mRtz7mFQheATL7RRJbSgoqigLVDhxq,EMPLOYEE,10/4/24 9:09 AM,10/4/24 9:09 AM
280,Michelle Smith,jcurtis@example.org,$2b$10$e2kWX54o1Om1.S8PIXj4Be6mRtz7mFQheATL7RRJbSgoqigLVDhxq,EMPLOYEE,10/4/24 9:09 AM,10/4/24 9:09 AM
281,Ana Sloan,osolomon@example.net,$2b$10$e2kWX54o1Om1.S8PIXj4Be6mRtz7mFQheATL7RRJbSgoqigLVDhxq,EMPLOYEE,10/4/24 9:09 AM,10/4/24 9:09 AM
282,Michelle Castillo,sheena22@example.com,$2b$10$e2kWX54o1Om1.S8PIXj4Be6mRtz7mFQheATL7RRJbSgoqigLVDhxq,EMPLOYEE,10/4/24 9:09 AM,10/4/24 9:09 AM
283,Erik Walters,steven36@example.com,$2b$10$e2kWX54o1Om1.S8PIXj4Be6mRtz7mFQheATL7RRJbSgoqigLVDhxq,EMPLOYEE,10/4/24 9:09 AM,10/4/24 9:09 AM
284,Jamie Lopez,davisryan@example.net,$2b$10$e2kWX54o1Om1.S8PIXj4Be6mRtz7mFQheATL7RRJbSgoqigLVDhxq,EMPLOYEE,10/4/24 9:09 AM,10/4/24 9:09 AM
285,Patricia Knight,wvaldez@example.org,$2b$10$e2kWX54o1Om1.S8PIXj4Be6mRtz7mFQheATL7RRJbSgoqigLVDhxq,EMPLOYEE,10/4/24 9:09 AM,10/4/24 9:09 AM
286,Steven Harvey,xanderson@example.org,$2b$10$e2kWX54o1Om1.S8PIXj4Be6mRtz7mFQheATL7RRJbSgoqigLVDhxq,EMPLOYEE,10/4/24 9:09 AM,10/4/24 9:09 AM
287,Norma Reynolds,moyercharles@example.com,$2b$10$e2kWX54o1Om1.S8PIXj4Be6mRtz7mFQheATL7RRJbSgoqigLVDhxq,EMPLOYEE,10/4/24 9:09 AM,10/4/24 9:09 AM
288,Ashley Nguyen,deancummings@example.net,$2b$10$e2kWX54o1Om1.S8PIXj4Be6mRtz7mFQheATL7RRJbSgoqigLVDhxq,EMPLOYEE,10/4/24 9:09 AM,10/4/24 9:09 AM
289,Beth Black,donnarodriguez@example.org,$2b$10$e2kWX54o1Om1.S8PIXj4Be6mRtz7mFQheATL7RRJbSgoqigLVDhxq,EMPLOYEE,10/4/24 9:09 AM,10/4/24 9:09 AM
290,Andrew Guzman,ramosnoah@example.com,$2b$10$e2kWX54o1Om1.S8PIXj4Be6mRtz7mFQheATL7RRJbSgoqigLVDhxq,EMPLOYEE,10/4/24 9:09 AM,10/4/24 9:09 AM
291,Kim Garcia,michael86@example.org,$2b$10$e2kWX54o1Om1.S8PIXj4Be6mRtz7mFQheATL7RRJbSgoqigLVDhxq,EMPLOYEE,10/4/24 9:09 AM,10/4/24 9:09 AM
292,Ashley Johnson,jasonholder@example.net,$2b$10$e2kWX54o1Om1.S8PIXj4Be6mRtz7mFQheATL7RRJbSgoqigLVDhxq,EMPLOYEE,10/4/24 9:09 AM,10/4/24 9:09 AM
293,Ashley Proctor,ucarter@example.org,$2b$10$e2kWX54o1Om1.S8PIXj4Be6mRtz7mFQheATL7RRJbSgoqigLVDhxq,EMPLOYEE,10/4/24 9:09 AM,10/4/24 9:09 AM
294,Rachel Oliver,laurenlynch@example.org,$2b$10$e2kWX54o1Om1.S8PIXj4Be6mRtz7mFQheATL7RRJbSgoqigLVDhxq,EMPLOYEE,10/4/24 9:09 AM,10/4/24 9:09 AM
295,Jordan Clark,grimeshunter@example.com,$2b$10$e2kWX54o1Om1.S8PIXj4Be6mRtz7mFQheATL7RRJbSgoqigLVDhxq,EMPLOYEE,10/4/24 9:09 AM,10/4/24 9:09 AM
296,Alice Mason,kristina92@example.net,$2b$10$e2kWX54o1Om1.S8PIXj4Be6mRtz7mFQheATL7RRJbSgoqigLVDhxq,EMPLOYEE,10/4/24 9:09 AM,10/4/24 9:09 AM
297,Amanda Jones,gdavis@example.com,$2b$10$e2kWX54o1Om1.S8PIXj4Be6mRtz7mFQheATL7RRJbSgoqigLVDhxq,EMPLOYEE,10/4/24 9:09 AM,10/4/24 9:09 AM
298,Zachary Parrish,melissahernandez@example.com,$2b$10$e2kWX54o1Om1.S8PIXj4Be6mRtz7mFQheATL7RRJbSgoqigLVDhxq,EMPLOYEE,10/4/24 9:09 AM,10/4/24 9:09 AM
299,James Peck,hharris@example.org,$2b$10$e2kWX54o1Om1.S8PIXj4Be6mRtz7mFQheATL7RRJbSgoqigLVDhxq,EMPLOYEE,10/4/24 9:09 AM,10/4/24 9:09 AM
300,Kimberly Morris,rachellong@example.com,$2b$10$e2kWX54o1Om1.S8PIXj4Be6mRtz7mFQheATL7RRJbSgoqigLVDhxq,EMPLOYEE,10/4/24 9:09 AM,10/4/24 9:09 AM
301,Alvin Boone,zmendez@example.com,$2b$10$e2kWX54o1Om1.S8PIXj4Be6mRtz7mFQheATL7RRJbSgoqigLVDhxq,EMPLOYEE,10/4/24 9:09 AM,10/4/24 9:09 AM
302,Randy Kennedy,benjamin56@example.org,$2b$10$e2kWX54o1Om1.S8PIXj4Be6mRtz7mFQheATL7RRJbSgoqigLVDhxq,EMPLOYEE,10/4/24 9:09 AM,10/4/24 9:09 AM
303,Jeffery Burgess,lewischelsea@example.net,$2b$10$e2kWX54o1Om1.S8PIXj4Be6mRtz7mFQheATL7RRJbSgoqigLVDhxq,EMPLOYEE,10/4/24 9:09 AM,10/4/24 9:09 AM
